title,label
Buchmesse 2.0 – Der Kindle und die Flucht nach vorne,0
Chinesischer Millionär kauft ein Hunde-Schlachthaus und rettet alle Tiere.,1
4-mal schaurige Halloween Deko für deine Halloween Party,1
Brandy Cook schreibt Abschiedsbrief an verstorbenen Sohn,1
"Verwandle deine alte Jeans in eine schicke, praktische Gartenschürze.",1
Ariane 5 bringt zwei Telekommunikationssatelliten ins All,0
Flugzeug kehrt um für Passagierin - aus Mitgefühl!,1
Basteln mit Kastanien: 10 lustige Spiele und Figuren,1
Verbranntes Gesicht: Baby Deyvion überlebt Wohnungsbrand,1
"Bertelsmann platziert Anleihen im Wert von 1,5 Milliarden Euro",0
Arabische Flugblätter hetzen Flüchtlinge auf,0
Vater postet Foto von Patchwork-Familie mit inspirierender Botschaft. ,1
"16 Bein-Tattoos, die Blicke auf sich ziehen",1
Mädchentraum: Vater baut Tochter wunderschönes Prinzessinnen-Bett. ,1
14 Menschen mit Albinismus zeigen ihre einmalige Schönheit,1
Atomausstieg: Alleingang Lindners irritiert FDP-Bundestagsfraktion,0
"13 Produkt-Designs, die alles andere in den Schatten stellen",1
Air Berlin übernimmt Deutsche BA,0
16 kreative Halloweenkostüme für Kinder,1
Armenischer Journalist wurde in Istanbul ermordet,0
Herbstdeko für die Haustür: 14 Ideen zum Selbermachen,1
Kurios: 44-jähriger Norweger bleibt mit Hoden in IKEA-Hocker stecken. ,1
Bundestag setzt BVerfG-Urteil um: Das ganze Parlament muss Euro-Hilfen zustimmen,0
Arbeitslosenzahlen November 2005,0
Brasilianische Generalstaatsanwaltschaft klagt gegen Weltmeisterschaftsgesetz,0
China: Handelbeziehungen? Ja! Menschenrechte? Nein!,0
Ban Ki-moon als neuer UNO-Generalsekretär vereidigt,0
Anschlag im Irak: mindestens 90 Tote,0
14 Bilder im gleichen Outfit: Model posiert mit Freundin,1
"13 LEGO-Spiele und Aktivitäten, die übers Bauen hinausgehen",1
"14 skurrile Dinge, die nur im Flugzeug passieren",1
5 wundervolle Ideen mit Zement und Beton,1
"11 Männer, die nach Jahren wieder zum Friseur gegangen sind",1
Möbelpacker hilft Seniorin bei Fahrstuhlpanne auf rührende Weise.,1
Ausschreitungen gegen Roma in Italien,0
Amerikanerin hat die längsten Fingernägel der Welt - bis zum Unfall.,1
Algerien: Zwölf Tote bei Bombenanschlägen,0
"Wohnung ausmisten: 10 Dinge, die du aussortieren kannst",1
Chinesische Staatsbank will Dresdner Bank kaufen,0
Das sind die vielleicht bizarrsten Hochzeits-Fotos der Welt!,1
Blinde Sphynx-Katze Jasper wird Internet-Star,1
Große Verwandlung: Geretteter Hund bekommt 15 Kilo Fell abgeschert. ,1
Bahnpreise steigen vorerst nicht,0
Chef überrascht schwangere Angestellte mit großzügigem Angebot.,1
"Achtung, drastische Bilder: Indisches Baby mit schwerer Hauterkrankung.",1
14 Alptraum-Toiletten,1
2012 – das Jahr der Genossenschaften,0
Kranke Mutter bereitet 18. Geburtstag ihres Babys vor,1
"8 Upcycling-Ideen, die alte Kleidung besser als neu machen",1
Kartondeckel sinnvoll als Deckel für Einweckgläser wiederverwenden. ,1
Anzeichen für einen bevorstehenden Militärputsch in Fidschi,0
Baden-Württemberg: Wirt protestiert mit Bierzelt im Festsaal gegen das Rauchverbot,0
100 Staaten unterzeichnen in Oslo Konvention gegen Streubomben,0
Ausgesetzte Hündin wird im Tierheim gesund gepflegt,1
"Diese 12 Moderegeln sind da, um gebrochen zu werden",1
"8 Tipps, wenn sich Oma und Opa in die Erziehung einmischen",1
Bürgerentscheid: Leipziger gegen Verkauf ihrer Stadtwerke,0
Aktion „Wärme von der Sonne“ hat begonnen,0
"16 Vorher-nachher-Bilder, die zeigen, wie sich Städte verändern",1
43. Münchener Sicherheitskonferenz zu Ende gegangen,0
Afghanisches Kabinett fällt erneut durch,0
38 Parteien zur Bundestagswahl 2013 zugelassen,0
16 Gedenkstätten: Amanda Stronza erweist Tieren letzte Ehre,1
Bahrain: Aufstände werden mit Gewalt niedergeschlagen,0
Abmahnung für Hotel Reservation Service durch Bundeskartellamt,0
"19 gruselige Halloween Ideen – Rezepte, Schminke und Deko",1
"16 Fotos für Menschen, die schon alles gesehen haben",1
Afghanistan forderte Bundeswehrsoldaten für den Süden an,0
AfD-Vize Alexander Gauland fühlt sich missverstanden,0
"9 Wege, um der Sommerhitze Herr zu werden! ",1
"17 Frisuren, die so (hoffentlich) nicht geplant waren",1
Chefredakteur der Schweizer Sonntagszeitung schreckt deutsche Medien auf,0
Bayrischer Innenminister will Internetkriminalität stärker bekämpfen,0
"16 Vorher-nachher-Bilder von Katzen, die adoptiert wurden",1
Koch-Fails: 15 Köche lassen Gerichte auf Facebook bewerten,1
ATTAC: Kritik an DGB-Gewerkschaften,0
"Schmackhafter Auflauf mit Brötchen, Hähnchenbrust und Bacon",1
Altes Ehepaar erhält sich in seiner Beziehung die ewige Liebe,1
Bayern und Nordrhein-Westfalen setzen Rechtschreibreform aus,0
Land in Sicht mit gefüllten Zucchini-Schiffchen - auch für Seekranke.,1
"15 Signale der Natur, die Unheil ankündigen",1
Mit Speisestärke und Spitze wird ein Fenster Blickdicht.,1
"Werbungskosten: 12 Beispiele, die Steuern sparen",1
Quiz: Erkennst du 15 Tiere in Nahaufnahmen?,1
300 Flüchtinge vor Jemen ertrunken,0
Vloggerin mit Gesichtstumor wird zum YouTube-Star.,1
Abdoulaye Wade will Patrouillenboote von Spanien,0
Attentat auf russischen Botschafter in Ankara birgt noch Rätsel,0
"14 Fotos, die Fragen aufwerfen",1
Chemieunternehmen Dow Chemical will 1.000 Stellen streichen,0
Arzneimittelreport 2005 - Drei Milliarden Euro könnten gespart werden,0
Bundesverwaltungsgericht hat Elbvertiefung gestoppt,0
Barack Obama will auf staatliche Zuschüsse für seinen Wahlkampf verzichten,0
Ab 2013 Rechtsanspruch auf Krippenplatz,0
Frau in Toronto gibt leidenden Schweinen in einem Lastwagen Wasser aus ihrer Flasche.,1
Börse: Facebook-Aktie auf Rekordtief,0
Video: Dreiste Frau macht Polizisten das Leben schwer,1
"Nutze Alltagsgegenstände, um Kamerafilter herzustellen! ",1
Ehepaar erlebt tolle Tierfreundschaft von Krähe und Katze.,1
Bayern fordert höhere Zuschüsse für den Transrapid ein,0
Wundervolle Fotos vom Wolf-Husky-Mischling Loki.,1
"Bundesregierung plant die nächste Rentenreform: Zuschussrente, Kombirente und Pflichtversicherung für Selbständige",0
"5 Anzeichen, an denen du Bettwanzen erkennen kannst",1
Kleidung von kleinem Jungen erregt Ärgernis - Mutter nimmt Stellung!,1
Airbus: Aus für A400M?,0
Ein adoptierter Junge singt ein dramatisches Lied für seine Mutter.,1
Abkratzprämie für S21-Aufkleber,0
Chinesischer Autohersteller BYD will die Konkurrenz mit Elektroautos das Fürchten lehren,0
Arbeiter im rumänischen Dacia-Werk begehren auf,0
Ariane 5 mit zwei Satelliten ins All gestartet,0
"13 verrückte Dinge, die man auf dem Flohmarkt findet",1
Betrugsskandal: Gentechnisch manipulierte Baumwolle als Bio-Produkt verkauft,0
Ausschreitungen bei Demonstration gegen Bildungsplan der grün-roten Landesregierung,0
Apples „iPhone“ und die Reaktionen: Zwischen Enthusiasmus und nüchterner Kritik,0
"6. Mai 2012: Wahltag in Schleswig-Holstein, Frankreich und Griechenland",0
"Tiere, die nichts so sehr lieben wie ihren Menschen",1
Berlin: Die S2 soll bis nach Rangsdorf verlängert werden,0
"14 Kinder, die ihre Eltern in den Wahnsinn treiben",1
5 nützliche Zitronen Hacks für den Haushalt,1
Atommülllager Asse hat gravierende Mängel – Anti-Atom-Treck auf dem Weg nach Berlin,0
"15 praktische Designs von Produkten, die das Leben leichter machen",1
"16 Fotos, die einen sofort aufmuntern",1
Aserbaidschan: UNO-Hubschrauber abgestürzt,0
"So bringt man einem Kind respektvoll bei, einen nicht zu unterbrechen.",1
Heldentat: Cameron Martin rettet Pferd im Graben,1
20 außergewöhnliche Beispiele für modernes Design,1
"15 Bilder, die ihre eigenen Geschichten erzählen",1
"20 witzige Tricks, die dir das Leben im Alltag erleichtern können",1
Ausbau erneuerbarer Energien in den USA verstärkt sich,0
"Apple fährt Rekordgewinn ein: 3,4 Milliarden US-Dollar im letzten Quartal",0
Geschichte der Kosmetik: Beauty-Produkte vor 100 Jahren,1
Bezahlsender Premiere fährt Rekordverlust ein,0
Bangkok: Demonstranten fordern vom König die Einsetzung einer Interimsregierung,0
15 Bilder zeigen Beziehung zwischen Mensch und Tier,1
"Der perfekte Lachs vom Grill, der garantiert nicht festklebt.",1
Amtsantritt des kirgisischen Präsidenten Bakijew,0
Angst vor Sex auch für Vatikan ein Grund eine Ehe zu beenden,0
66. Jahrestag der Befreiung des Konzentrationslagers Auschwitz-Birkenau,0
Trivialwissen: 15 unnütze aber interessante Fakten,1
Baltikum: Jagdgeschwader „Richthofen“ sichert den Luftraum,0
Brandenburgs Wirtschaftsminister Ulrich Junghanns bei Tesla Motors,0
Airbus A380 ist nicht das größte Flugzeug der Welt,0
Belgien: Atomreaktoren bleiben bis 2025 in Betrieb,0
20 witzige Halloween-Kostüme für Schwangere und Pärchen ,1
"12 ungewöhnliche Dinge, die zweigeteilt wurden",1
Appell König Alberts II. an Wallonen und Flamen,0
11-mal geschnitztes Obst und Gemüse für Halloween,1
90 Jahre Republik Österreich,0
"Spottdrossel mit verkrüppelten Füßen läuft dank ""Schneeschuhen"" wieder.",1
Ohne viel Abwasch! 3 köstliche One Pot Rezepte,1
BBC-Reportage: Hat die Opposition auf dem Maidan vor einem Jahr zuerst geschossen?,0
Chinesische Regierung verbietet Fluggesellschaften Beteiligung am Emissionshandel in der EU,0
Al-Qaida übernimmt Verantwortung für Hubschrauber-Abschuss,0
Bonn: Westerwelle sprach zur Eröffnung eines Luxushotels,0
Berliner Grüne wollen ein 15-Euro-Monatsticket für alle,0
Aktionen gegen Rechts in Magdeburg,0
Air Berlin plant den Börsengang,0
Brockhaus bald gratis im Internet abrufbar,0
Amnesty: Hamas tötete „Kollaborateure“ im Gazastreifen,0
Bilder einer wundervollen Tierfreundschaft.,1
Abriss des Wasserkraftwerks Rheinfelden umstritten,0
Bundesarbeitsministerin warnt vor der Gefahr von Altersarmut,0
Kek Lapis: Rezept für Sarawak Schichtkuchen,1
"16 Fotos, die die bedingungslose Treue von Hunden zeigen",1
17 herzhafte und süße Ideen für Snacks | Fingerfood ,1
Schmackhafte Hackfleischbällchen mit Bavette in Tomatensoße,1
"7 brillante Tricks mit Luftballons, die jeder kennen sollte",1
Ein bezauberndes Mädchen ohne Arme lässt sich nicht unterkriegen.,1
Zu verschenken: Alte Möbel am Straßenrand suchen neuen Besitzer,1
8.000 Studierende und Lehrer demonstrieren in Dresden für bessere Bildungspolitik,0
Aiman az-Zawahiri kritisiert Afghanistan-Wahlen und lobt London-Attentate,0
Nach Tod seiner Frau: Mann verwandelt Schiffscontainer in Eigenheim. ,1
Antisemitismus-Streit Broder gegen Hecht-Galinski in 2. Instanz,0
So weich gebettet: Teigtaschen – mit Lachs und Spinat gefüllt.,1
Tierschützer atmen auf: Riesenpanda erholt sich wieder.,1
Mädchen wird im sechsten Monat auf die Welt geholt und überlebt.,1
"Geniale Tricks, um das perfekte Instagram-Bild zu knipsen",1
"Ahmadinedschad kündigt an, Brennstäbe zu produzieren",0
"16 Bilder: Menschen, die schlimmes Pech hatten",1
In diesem japanischen Bordell gibt es nur Sexpuppen.,1
Abu Musab al-Zarqawi ist tot,0
Die wohl beeindruckendste Zunge der Welt.,1
"9 Hacks, die in der Küche Gold wert sind",1
Brauereikonzern Anheuser-Busch InBev expandiert weiter,0
Anastacia in Concert,0
16 Vorher-nachher-Bilder von adoptierten Hunden,1
Achte Nacht in Pariser Vorstädten bringt weitere Randale,0
BGH-Urteil: Redaktionelle Links unterliegen der Pressefreiheit,0
Anti-Folter-Komitee des Europarates kritisiert Haftbedingungen in Deutschland,0
Aserbaidschan plant den höchsten Wolkenkratzer der Welt,0
Afghanistan: Auch zivile Opfer bei Militäroffensive in der Provinz Helmand,0
Berührendes Video über eine wahre Mann-Hund-Freundschaft.,1
14 witzige Geschwister-Bilder,1
BASF ist zuversichtlich für 2005,0
Berliner Verkehrsbetriebe stellen neue Tram vor,0
Witziges Video: Rentnerin legt Freudentanz auf Parkplatz hin.,1
Angela Merkel leitete den Wahlkampf in Rheinland-Pfalz ein,0
Maria Plenkina lässt eigene 3-jährige Tochter verhungern,1
Apple steigt nach Testerlaubnis in das Rennen um Roboterautos ein,0
Allgemeine Rauchmelderpflicht – SPD ergreift die Initiative,0
Berlin: Zehntausende demonstrierten gegen Verlängerung von AKW-Laufzeiten in Deutschland,0
"16 ungeahnte Dinge, für die man Fusselroller benutzen kann.",1
Buchholz: Betriebsstoff für Biogas-Anlage direkt vom Maisfeld,0
AfD zieht gegen Regierung Merkel vor das Bundesverfassungsgericht,0
Engländerin erlebt bei angeblicher Fehlgeburt ein Wunder.,1
Köstlicher Auflauf: mit würzigem Hackfleisch gefüllte Aubergine auf Kartoffeln,1
Warnung: 14-jähriges Mädchen stirbt durch Handy,1
Arbeitslosenzahlen Dezember 2005,0
150 Stadtwerke fordern Atomausstieg,0
Bundesregierung warnt vor Reisen nach Tunesien,0
"16 Bilder von Menschen, die Pech haben",1
16 Zeichnungen übers Muttersein von Jade Nordahl,1
Aus Baumstamm wird Weinregal - so leicht geht's.,1
Boeing will Reichweite eines 777-Modells vergrößern,0
Beginn der Elektroauto-Ära beeinflusst Bauingenieure,0
Apple stellt neue iPod-Modelle vor,0
Traurig: Welpe mit Fliege aus Bogotá wartete auf Herrchen ,1
Bundesinnenminister Friedrich will Geldkürzungen gegen Asylbewerber vom Balkan verhängen,0
Afghanistan: NATO übernimmt Kommando im Süden,0
"16 Bilder eines Schäferhunds, der immer klein bleiben wird",1
Eine Katze erweist sich in den Schweizer Alpen als Bergretter.,1
"Mutter verkleidet Baby, während es schläft und macht es zum Internet-Star. ",1
Ab heute biometrischer Reisepass,0
Ausgesetzte Hundemutter mit 6 Welpen  wird von Kette befreit,1
Kein Eis: Fruchtig-süße Spaghetti-Torte führt doppelt hinters Licht.,1
3D - Hype oder Flop ?,0
Schrecklich misshandelter Hund wird von Tierschützern gerettet.,1
"15 Bilder, die deine Augen herausfordern",1
"10 Fehler, die du auf deiner Irland-Reise vermeiden solltest",1
Al-Qaida bekennt sich zu Terroranschlägen in Algerien,0
"15 Entdeckungen, die Leute in ihren Häusern gemacht haben",1
Manche Tätowierungen gibt es wirklich schon oft genug,1
"12 verlorene Dinge, die auf verrückte Weise wiedergefunden wurden",1
Vorbild-Vater findet große Überraschung auf Windschutzscheibe. ,1
16 Vorher-Nachher-Bilder von Tieren im Tierheim und nach ihrer Adoption.,1
Lustige Briefe von Lehrern und Erziehern an die Eltern,1
"Richtig heizen: 7 Heizungs-Irrtümer, die für Ärger sorgen",1
"10 ungewöhnliche Wege, wie Eiswürfel verwendet werden können.",1
Aus Beton und zwei Schüsseln wird eine schicke Feuerschale.,1
Bayerische Landesbank übernimmt Kontrolle über Formel-1-Holding,0
Banken bleiben bei niedrigen Zinsen,0
Bahnlinie Lhasa–Xigazê eröffnet,0
"Frau hat 4 lebende Bienen im Auge, ohne es zu merken",1
Witz des Tages: Bauers Schwiegermutter stirbt,1
80 Tote bei Luftangriff auf Koranschule,0
AVD und ADAC lehnten Vorschläge von Wolfgang Tiefensee ab,0
73. Parteitag: Die CSU zeigt sich für die kommenden Landtagswahlen selbstbewusst,0
10 Haushaltstricks aus Omas Zeiten,1
Beckstein: CSU will Landtagswahl „aus eigener Kraft“ gewinnen – ohne Hilfe der CDU,0
"15 nachhaltige Erfindungen, die die Umwelt schützen",1
Atomreaktor Doel 1 in Belgien schaltet sich nach Problemen wieder automatisch ab,0
Albanien in der Krise,0
"Als der Junge die nackte Frau im Auto sieht, macht er große Augen.",1
"Amtsgericht Kaiserslautern bestraft Pfarrer, weil er Flüchtling Kirchenasyl gewährte",0
2008: Einführung von städtischen Umweltzonen in Deutschland,0
23 Tote durch Brand in einer Textilfabrik Bangladeschs,0
Witz des Tages: Zuspätkommen von Frau lässt Männer erröten,1
"Kalte Sandwichtorte mit Lachs, Rote-Bete- und Eiersalat",1
"Nachdem alle das Haus aufgegeben haben, erwacht es zu neuem Leben.",1
Barack Obama offiziell bestätigt,0
Bruderliebe: Kleiner Junge würde für seine Zwillingsschwester sterben.,1
AOL verkauft Internetzugangsgeschäft,0
Amnesty international: Bundesregierung war über CIA-Flüge informiert,0
Autonomiestatus der nordostspanischen Provinz Katalonien gestärkt,0
Bundesregierung: Erhebliche Zunahme von psychischen Erkrankungen durch Belastungen am Arbeitsplatz,0
Anschlag auf Buskonvoi in Syrien international geächtet,0
" 15 Mütter, die das Stillen in der Öffentlichkeit verteidigen",1
Alibaba Aktien für 68 US-Dollar ausgegeben,0
Altbundeskanzler Gerhard Schröder in Peking von Wen Jiabao empfangen,0
Berlusconi will Kontrolle über ProSiebenSat.1,0
Ariel Scharon ringt mit dem Tod,0
Bei den Großmolkereien Müller-Milch und Ehrmann gab es Blockaden durch Milchbauern,0
A1-Ausbau wird privat finanziert,0
Dionne-Fünflinge wurden wie Tiere ausgestellt,1
Obstkuchen mit Biskuitteig und weißer Schokocreme,1
"Die überraschendsten Statuen, die in Europa Schauspielern gewidmet wurden",1
China startet weiteren Navigationssatelliten ins All,0
ATTAC: Streit um Unterstützung des Lokführerstreiks,0
Alexa und Siri – soll nun auch der Staat mithören?,0
Unerträglich! Rentner-Ehepaar muss nach 62 Jahren getrennt leben.,1
Auch das Bundesverfassungsgericht untersagte Heß-Kundgebung in Wunsiedel,0
Buhlen um Großauftrag der Qantas Airways,0
Auseinandersetzung um Spitzensportler Mesut Özil verschärft sich,0
Baden-Württemberg: Neuer Tarifvertrag zur Krisenbewältigung zwischen IG Metall und Arbeitgeberverband Südwestmetall,0
Bundesweiter 42-stündiger Streik im Güterverkehr ab Donnerstag,0
Atomkatastrophe nach schwerem Störfall nur knapp verhindert,0
Am 1. Januar 2007 steigt die Mehrwertsteuer in Deutschland auf 19 Prozent,0
Baubeginn für Terminal des Flughafens Berlin-Schönefeld am 11. Juli,0
10 überraschende Fakten über die Deutschen,1
"5,4 Millionen Arbeitslose im März?",0
Wow! Arzt wendet Baby im Bauch der Mutter mit bloßen Händen.,1
15 lustige Zitate aus dem Leben mit Kindern,1
Blickst du durch? Optische Illusionen | Optische Täuschungen,1
Börsenspekulation um den Solarkonzern Q-Cells,0
Auf der CeBIT wurde eine elektronische Reiseführer-Alternative vorgestellt,0
Airbus zu Schadensersatz wegen Rassendiskriminierung verurteilt,0
Stillende Mutter bespritzt Frau im Park mit Muttermilch,1
Anonymer Anrufer zwingt Passagiermaschine der Olympic Airlines zur Umkehr,0
Yogurette in XXL-Format | Mit Joghurtcreme und Erdbeeren,1
"Hier sind gleich 12 Gründe, warum du mehr Schokolade essen solltest.",1
Börsen-Bilanz von Facebook: 50 Milliarden Dollar Minus,0
Wie eine Blume! Gefüllte Auberginen mit Hackfleisch,1
Indischem Jungen wächst toter Zwilling aus dem Bauch.,1
"15 Designs, die sowohl praktisch als auch dekorativ sind",1
"Ärzte geben die 12-Jährige schon auf, als ihre Tanten eine Idee haben.",1
Atari will 20 Prozent der Angestellten entlassen,0
Arbeitslosenzahlen Januar 2006,0
16 Bilder: Mann kommentiert Outfits seiner Freundin,1
Witz des Tages: LKW-Fahrer blamiert Anwalt und Buchhalter auf dem Klo.,1
"20 Instagram-Fakes, über die man nur lachen kann",1
Dein Föhn kann mehr als Haare trocknen. Diese 13 Tricks zeigen es dir.,1
Video: Fahrer parkt Feuerwehreinfahrt zu und bekommt Lehre erteilt. ,1
Vater von Kind mit Down-Syndrom kämpft für mehr Sichtbarkeit,1
Ausnahmezustand in Osttimor erklärt – Lage beruhigt sich langsam,0
Diese Vorteile haben Zimmerpflanzen.,1
"15 Katzen, die nicht von dieser Welt zu sein scheinen",1
Berliner Verkehrsbetrieben droht großer Streik im März 2008,0
Al-Qaida ruft Muslime zu weiteren Protesten gegen Mohammed-Film auf,0
BP beginnt Tiefseebohrungen im Mittelmeer,0
"KiBa Kuchen | mit Frischkäsecreme, Keksboden und Gelee",1
10 originelle Ideen für ein Instagram Video | Video Hacks,1
Befreiungsaktion für BAWAG-Elsner,0
17 Narben Tattoos und Muttermale als Kunstwerke,1
6 Styling Tipps: Kleine Frauen,1
Aus einem alten Tisch wird ein kompletter Sandkasten.,1
17 optische Täuschungen,1
28 Tote bei Schießereien im Gazastreifen,0
"7 geniale Tricks, die dir das Leben leichter machen. Nr. 2 ist mein Favorit.",1
3 Ideen für selbstgemachte Blumentöpfe mit Sukkulenten,1
Ein meterlanger Gazestreifen wird aus einem Spinnenbiss herausgezogen.,1
Fluffiger Kürbiskuchen | Kürbiskuchen Rezept mit Hokkaido,1
"12 Leute erzählen, wie sie von Fremden gerettet wurden",1
Arlbergbahn wiedereröffnet,0
Bahnstreik: Bei der BVG in Berlin gab es mehr Fahrgäste,0
Amtsinhaber Thomas Horn gewinnt Bürgermeisterwahl in Kelkheim,0
Barack Obama wird nächster Präsident der Vereinigten Staaten,0
Auch Honduras wird von einer Hungerkrise heimgesucht,0
"15 Toiletten, auf die man nicht gehen möchte",1
Vater macht aus winzigem Zimmer Spielpalast für 4-jährigen Sohn.,1
Der 82-Jährige hat seinen Traumjob und rührt sie zu Tränen.,1
Auswärtiges Amt mahnt zur Vorsicht in Thailand,0
Mit Hackfleisch gefüllte Ofenkartoffeln verzaubern den Gaumen. Köstlich!,1
Quiz: Kennst du die wirklichen Namen dieser Promis?,1
Bahnbetrieb im Streckenabschnitt Bad Homburg–Friedrichsdorf wegen Gleisbauarbeiten eingleisig – Taunusbahn fuhr nicht,0
"17 Urlaubsgäste, die auf vierbeinige Gastgeber trafen",1
Barack Obama hat die Vorwahlen in Guam gewonnen,0
AOK-Kampagne „Gesunde Kinder – gesunde Zukunft“ startet 2007,0
Angriff auf die Pressefreiheit,0
Ariel Scharon wird in eine Pflegeklinik verlegt,0
Amoklauf an Schule in Ansbach,0
Funnel Cake mit Kokoscreme und Beeren | Schmalzgebäck,1
"15 geheime Orte, an denen man Habseligkeiten verstecken kann",1
Lustiges Video: Kater will sein Gemüse nicht fressen. ,1
Bayern: Zahnärzte drohen mit vorübergehender Einschränkung der Versorgung von Kassenpatienten,0
"16 lustige Situationen: Katzen, die verrückte Sachen machen",1
Adidas kauft Reebok,0
Boeing 777-200LR erhält Beförderungserlaubnis für Passagiere,0
Angela Merkel erhielt „Visions for Europe Award 2006“,0
"So erfährst du, was deinen Pflanzen wirklich fehlt.",1
Belgien reichte Klage gegen Swissair-Chefs ein,0
Baubeginn für den Flughafen Berlin Schönefeld noch in 2006,0
Australien plant Glühbirnenverbot,0
Baubeginn für das höchste Gebäude der Welt,0
Baden-Württemberg fordert europaweiten Atomausstieg,0
65 Stunden Musik – längstes Konzert der Welt hat begonnen,0
"Adoptierte Tiere, die sich auf ihr neues Zuhause freuen",1
"6-jähriges Mädchen wegen neuer Brille traurig, Fremde trösten",1
Auch ohne Aschewolke: Eurostar meldet Umsatzsteigerung,0
Ausschreitungen bei Anti-NPD-Demos in Hamburg und Nürnberg,0
Für die nächste Inselparty: tropische Ananasburger mit Bacon.,1
Armeniens Premierminister Markarjan an Herzinfarkt gestorben,0
Brauerei Anheuser-Busch InBev will jede zehnte Stelle in Europa streichen,0
Asien: Mindestens 120 Tote durch Hitzewelle,0
15 festliche Masken für ganz besondere Anlässe,1
Bergsportausrüstung wächst auf Maisfeld: Die Ingeo-Faser,0
Buchhändler findet 15 Jahre alten Abschiedsbrief von Mutter an Tochter. ,1
16 Bilder: Thailändisches Paar hat eifersüchtige Katze,1
"20 Verkleidungskünstler, die Halloween ganz neu erfinden",1
China: Milchkonzern Sanlu insolvent,0
Unheimliches Bild: Familie fotografiert Gestalt im Flammenmeer.,1
Bremer Bauamt will keine energiesparenden Häuser,0
"Fleisch, Wurst und Fisch richtig auftauen",1
Anschlag der ETA in der nordspanischen Kleinstadt Calahorra – acht Menschen leicht verletzt,0
China beschließt neue Standards für Plastiktüten,0
DIY aus Holzpaletten: 16 Einrichtungsideen für die Wohnung,1
"13 verrückte Zufälle, die nur einmal im Leben vorkommen",1
Auch ein vierter Tag im Prozess gegen Bo Xilai notwendig,0
Bangladesch: Regierung erhöht Löhne in der Textilindustrie,0
25 Jahre IPCC – eine Arbeit im Auftrag der Vereinten Nationen,0
"10 Verbote, die es an ausländischen Schulen gibt",1
Börsenhype bei erneuerbaren Energien,0
Brüssel: EU-Außenminister einigen sich auf harte Sanktionen gegen den Iran,0
Ein wahrer Held! Polizist kümmert sich rührend um obdachlosen Veteran.,1
Barack Obama zum 44. Präsidenten der Vereinigten Staaten vereidigt,0
12 simple Holz DIY Möbel zum Selberbauen,1
Auch in Deutschland werden Autos in Brand gesetzt,0
Syrischer Mann gibt Frau im Pfandhaus Geld für ihren Ring und gibt ihn ihr sofort zurück.,1
Gefülltes Brot mit Rindersteak und Babyspinat,1
15 lustige Vorher-nachher-Bilder von Eltern,1
Bodensee Geschäftsklimaindex BGKI.net: Konjunktur im Bodenseeraum wird im ersten Quartal 2008 schwächer wachsen,0
"42 Fotos, die von Tieren ruiniert wurden.",1
Börsenbarometer DAX auf höchstem Stand seit Bestehen,0
Afghanistan: Bundeswehrsoldat wurde Opfer eines Selbstmordanschlags,0
Bernd Pischetsrieder räumte den VW-Chefsessel,0
"Angeklagte zahlen 5,8 Millionen Euro – Mannesmann-Prozess eingestellt",0
Bildergalerie: 23 originelle und kreative Hochzeitstorten,1
7 Tipps für immer schöne Pflanzen | Fruchtfliegen bekämpfen,1
Angela Merkel fordert mehr benzinsparende Autos,0
Amanda Oleander zeigt Beziehungsalltag mit Illustrationen,1
Arbeitsbesuch des luxemburgischen Außenministers in Deutschland,0
Boykott gegen HRS in Bremerhaven,0
Bayern: Kernkraftwerk Isar I wegen undichtem Brennelement abgeschaltet,0
Atemberaubende Videoaufnahme: Orca spielt mit Kajakfahrer im Meer. ,1
Bahnübergang in Ilmenau für drei Wochen gesperrt,0
Arbeitet der spanische Geheimdienst mit Islamisten zusammen?,0
Bafin untersagt ab sofort „Leerverkäufe“ der umstrittenen Hedge-Fonds,0
Angela Merkel fordert Schließung des Internierungslagers „Camp X-Ray“ in Guantanamo,0
Bayern hat Bedenken bei der Einführung des digitalen Polizeifunks,0
21 Orndungs-Tricks für den Keller und die Garage.,1
"Ordnung schaffen, Ordnung halten: 18 Tricks und clevere Ideen",1
17-jähriger Schüler will eigene Windkraftanlage,0
160 Verletzte bei Protesten in Taiwan,0
10 Fehler im Umgang mit dem Wäschetrockner,1
"20 Erfindungen, die sich weltweit durchsetzen sollten",1
Optische Täuschungen: 19 lustige Bilder von Illusionen,1
Adidas-Chef wurde „Öko-Manager des Jahres“,0
Barnier wird Sonderberater für Verteidigung der EU-Kommission,0
Carstensen verspricht Wirtschaftshilfe für Helgoland,0
Bremen ist Schlusslicht beim Eintreiben von Unterhaltsvorschuss,0
Afrikanische Union schließt Mauretanien wegen Militärputsch aus,0
Atomstreit mit Iran: Annäherung in Sicht,0
CDU und SPD einigen sich auf Konzept zur Unternehmenssteuer-Reform,0
19 israelische Unternehmen stellen Firmenflotte auf Elektroautos um,0
Abrissarbeiten für neuen Stuttgarter Bahnhof beginnen unter Protest,0
Ein tierischer Blickfang für den nächsten Kindergeburtstag mit Buttercreme und Fondant.,1
Abwassergesellschaft Lüneburg setzt Kleintransporter mit Elektroantrieb ein,0
Altbundespräsident Johannes Rau ist tot,0
Mobber-Mama Tammy Steffen täuschte die Entführung ihrer Tochter vor,1
4.000 Elektroautos für Frankreichs Hauptstadt,0
Katzen im Karton: 14 lustige Bilder,1
Afghanistan: Video mit deutscher Geisel ausgestrahlt,0
Schrille Post: Kreative Adressierung lässt Postboten rätseln.,1
Air Berlin an der Börse,0
"5 natürliche Mittel, die Kleidung vor dem Ausbleichen schützen.",1
Afghanistan: Bundeswehrsoldaten schossen gezielt auf Demonstranten,0
Ariane 5 startet mit einem thailändischen Satelliten ins All,0
AKP will Neuwahlen – innenpolitische Krise in der Türkei schwelt weiter,0
"18 Hunde, die in seltsamen Posen eingeschlafen sind",1
Amerikanisches Atom-U-Boot havariert,0
Agrarminister von Guyana wurde in seinem Haus erschossen,0
"10 Beispiele aus dem Alltag, wie unterschiedlich Haushaltsgegenstände weltweit sind",1
"Es gibt Momente, die nur Eltern wirklich nachfühlen können",1
245.000 Schmuggelzigaretten auf der A 12 bei Frankfurt (Oder) in Kleintransporter entdeckt,0
Was sollte man nach dem Sex immer tun? 6 To-dos,1
"8 raffinierte DIY Ideen, die ein altes Rad recyclen ",1
20 Tote bei Massenprotesten in Guinea,0
Alexander von Witzleben wird Vorstandsmitglied des Haniel-Konzerns,0
Abgestürzte Rakete von UP Aerospace gefunden,0
5 DIY Ideen für Möbel selber bauen | Lesesessel | DIY Möbel,1
Boeing möchte Flugzeug-Internet-Tochter Connexion abstoßen,0
Bündnis der Firmen Total und Enertrag zur Herstellung von Wasserstoff,0
Bioenergie-Boom lässt Grundnahrungsmittel knapp werden,0
Berliner Verkehrsbetrieben droht neuer Streik,0
"Ideal fürs Bad: 12 Pflanzen, die kaum Sonnenlicht brauchen",1
16 Graffitis: Da wird das Gehirn an der Nase herumgeführt,1
AEG-Werk Nürnberg wird geschlossen,0
"Krista Davis trägt todkrankes Kind aus, um Organe zu spenden",1
"12 Vorher-nachher-Fotos, zwischen denen einiges passiert ist",1
Chinesische Internetfirmen wollen an die Börse,0
Ab heute totaler Ausverkauf bei Quelle,0
16 Bilder von Tieraugen aus nächster Nähe,1
13 urkomische Spielplatz-Fails,1
BBC erklärt eigenen Beitrag über Entschädigungszahlungen für Bhopal-Opfer zur Falschmeldung,0
7 herrliche Aufläufe | Einfache Auflauf Rezepte für zuhause,1
Larventherapie als Antwort auf Antibiotika-Resistenzen. ,1
"9 schlimme Trends, die in Erinnerung geblieben sind",1
Ausnahmezustand in Pakistan: USA überprüfen Finanzhilfen,0
Berlin: Kabinett beschließt die Freigabe des Linien-Bus-Fernverkehrs,0
Ayaan Hirsi Ali erhielt Preis der Stadt Kassel,0
Automarkt in Griechenland: 57 Prozent-Wachstum im Februar,0
Ein Knaller: Eclair-Kuchen. Ohne Backen!,1
Autarkes Haus in Frankreich: Paar baut altes Haus um,1
50 Jahre Römische Verträge: „Alternative Berliner Erklärung“ veröffentlicht,0
Basra: Britische Truppen übergeben Kontrolle an Iraker,0
Gefüllter Kürbis | Käsefondue und Mac and Cheese im Kürbis,1
Albanien: Präsident Berisha kündigt Privatisierungen an,0
800 Autogastankstellen in Deutschland,0
Asia Times prophezeit US-Militärschlag gegen den Iran im August 2008,0
"Freche Tiere, die gerne Menschen ärgern",1
Afghanistan: Proteste nach Koran-Verbrennungen,0
Entlaufener Husky mit Hirsch durch Zufall gefilmt,1
Berliner Hauptbahnhof erneut gesperrt,0
Rätselraten: Findest du die versteckte Katze auf diesem Foto? ,1
Bergungsarbeiten nach Flugzeugunglück in Brasilien,0
Angeblich deutsche Islamisten bei US-Drohnenangriff in Pakistan getötet,0
Nach 9 Jahren entdecken sie das Geheimnis einer starken Ehe.,1
Al Qaida droht Vergeltungsschläge für Rushdie-Ehrung an,0
Australien beendet nach fast sechs Jahren Friedensmission in Timor-Leste,0
Audi soll 800 Millionen Euro Bußgeld zahlen wegen Abgasmanipulationen,0
Beckstein (CSU) fordert stärkere soziale Profilierung der Union,0
12 herbstliche DIY-Windlichter und Teelichthalter basteln,1
Diese Katzen sind die besten Komiker ihrer Menschen,1
15 bizarre Zufälle,1
Schicke und verrückte Pflanzgefäße aus alten Schuhen.,1
"9 Angewohnheiten, die wir fälschlicherweise für gut halten",1
Arbeitslosigkeit in der Eurozone erreicht Rekordniveau,0
Sader Issa wuchs mit einem Vater mit Downsyndrom auf,1
Wie süß: Katzenmana zieht Entenküken groß.,1
Ex-Junkie Jason Wickline zeigt Vorher-nachher-Bilder,1
Adidas verkauft Outdoor-Sparte Salomon,0
15 Eltern teilen ihren Alltag mit Kindern,1
"23 Tiere, die sich genau in diesem Moment kaputtlachen. ",1
Asyl für Snowden wird von Russland um drei Jahre verlängert,0
Ausnahmezustand in Georgien – Neuwahlen im Januar,0
Al-Azhar-Universität initiiert politischen Dialog in Ägypten,0
16 Vorher-nachher-Bilder von geschminkten Bräuten,1
"Lobotomie, Tabakklistier & Co. - 5 gruselige Heilmethoden von Früher",1
Diese Onlineshops haben ein paar harte Fehlkäufe geliefert,1
Berlin wird Versuchsfeld für Elektroautos,0
"15 Bilder zeigen, was die Kanadier besser machen als wir",1
"15 Leute, die nichts aus der Ruhe bringt",1
11. Oktober ist Coming-out-Tag,0
"15 Tierheim-Mitarbeiter, die ihre schönsten Momente teilen",1
"Benzinpreis in Deutschland auf unter 1,20 Euro gesunken",0
Jahrhundertfund in deutschem Tagebau hält Forscher in Atem.,1
In diesem Blätterteigring steckt eine köstliche Schinken-Ei-Füllung.,1
Boeing absolviert erfolgreichen Jungfernflug des „Dreamliner“,0
Argentiniens Kreditwürdigkeit von führenden Ratingagenturen erneut herabgestuft,0
Arbeitslosenzahlen Februar 2006,0
13 Hotel-Fails,1
7 schmackhafte Gerichte mit Hackfleisch ,1
Bananenimporte: Ecuador gewinnt Streitschlichtungsverfahren gegen die EU,0
14 besondere Sukkulenten und Sukkulenten-Arten,1
Bertelsmann verkauft Musikverlag,0
Witz des Tages: Alte Dame geht mit Blähungen zum Arzt.,1
Baden-württembergische SPD fordert GEZ-Spartarif für Internet-PCs,0
Antikriegsprotest bei der Einweihung des Ehrenmals der Bundeswehr nicht geduldet,0
Am Makkaroni-Auflauf können sich Ordnungsfanatiker richtig austoben.,1
"16 Bilder von Günther Krabbenhöft, dem „Hipster-Opa“",1
Ahmadinedschads antisemitische Äußerungen rufen weltweite Empörung hervor,0
"10 kuriose Fakten, die du über Unterwäsche nicht wusstest",1
Ausschreitungen auf dem Tempelberg,0
Bad Dürkheim: Historische Saline fällt Flammen zum Opfer,0
5 Ideen für deinen Halloween Kürbis 2020 | Kürbis schnitzen,1
Beliebtheit Taiwans als Ziel thailändischer Arbeitsimmigranten gesunken,0
Ali Hasan al-Madschid wegen Völkermordes zum Tode verurteilt,0
China: Bald Anbau von gentechnisch verändertem Reis?,0
"16 Vorher-nachher-Bilder von Leuten, die Gewicht verloren",1
Aufrüttelndes Video: Adoptiertes Kind wird vom Vater verstoßen.,1
Alleinerziehende begleitet Sohn als Mann verkleidet zum Vatertag in Schule.,1
"12 Bilder, denen der Hintergrund die Show stiehlt",1
15 fürchterlich designte Badezimmer,1
Bankier Jörg Woltmann kaufte die Königliche Porzellan-Manufaktur,0
" Unsere 12 besten Videos, um Plastik wiederzuverwenden",1
16 Online-Shopping-Fails,1
500-MW-Offshore-Windpark in der Nordsee angeschlossen,0
16 Upcycling-Ideen aus alten Bettlaken und Bettbezügen,1
38 Deko Bastelideen für dein Zuhause,1
Australien beendet sein militärisches Engagement im Irak,0
Anti-Dumping-Klage gegen chinesische Solarfirmen,0
Genial in Deutschland: Diese Frau druckt Kunst mit Gullydeckeln.,1
15 misslungene Designs und Fehlkonstruktionen,1
Ban Ki-moon als Nachfolger von Kofi Annan favorisiert,0
"Alle Hunde sind schön, aber manche Hundefotos sind hässlich",1
10 häufige Anfängerfehler beim Nähen,1
A 72: Teilstück Niederfrohna und Rathendorf dem Verkehr übergeben,0
Aids-Aufklärungskampagne mit Boris Becker am „Airport“,0
15 Vorher-nachher-Bilder zeigen umgenähte Kleidung,1
"Kirschkuchen, mal ganz anders - pyramidenstark!",1
9-jähriger Hesse leistet Erste Hilfe bei 2-jährigem Bruder im Pool. ,1
Allmendeforscherin Elinor Ostrom erhält als erste Frau Wirtschaftsnobelpreis,0
Bilderberg-Konferenz in Dresden,0
7 herrliche Burger Rezepte | Burger selber machen,1
"Was ist die beste Intimpflege? 7 Hausmittel, die dir guttun",1
Bundesagentur für Arbeit sieht für 2011 geringeren Bundeszuschuss voraus,0
"9 Babyprodukte, die erfahrene Eltern nicht kaufen würden",1
Das sind die Signale die Tiere aussenden und deren Bedeutung.,1
ARD manipuliert Interview mit Putin,0
Argentinien: Kongress beschließt Vorverlegung der Parlamentswahlen,0
Blumenkohl-Freunde aufgepasst: Euer Lieblingsgemüse wird hier neu definiert,1
Airbus erhält Auftrag für den A380,0
Airbus/EADS: Zwei Chefs zurückgetreten,0
CeBIT: Deutsche Post stellt eigenes Konzept für sichere E-Mail vor,0
6 Rezepte mit Kürbis | Kürbisrezepte | Herbstgerichte,1
"Baby hält Spirale, die 9 Monate zuvor den Dienst versagte",1
AFD Politiker Guido Reil wurde festgenommen!,0
"15 Pechvögel, die ihre Entscheidungen umgehend bereuen",1
Auch Frankreich und Japan schließen Botschaften im Jemen,0
China: 150 Milliarden Euro für erneuerbare Energien,0
Boeing: Testflüge mit dem „Dreamliner“ vorerst gestoppt,0
"Reparaturen im Haushalt: 10 Tricks, Dinge zu reparieren",1
"Kind findet ""tierisch"" ungewöhnlichen Spielkameraden.",1
Abschaffung des Bayerischen Obersten Landesgerichts bestätigt,0
Herzhafter Kuchen fürs Oktoberfest | Mit Sauerkraut,1
Traurig und doch wunderschön: Ehepaar reicht sich im Sterben die Hand.,1
Armenien: Mehr als 140 Verletzte bei Explosion von Luftballons,0
Schwerkranker streunender Hund wird gerettet und erlebt eine wunderbare Verwandlung.,1
Wütende Frau bewirft fremden Mann mit Welpen. Er behält ihn!,1
China will Wirtschaftswachstum durch Zinserhöhung bremsen,0
"20 Gegenstände, die durch Putzen vor dem Müll bewahrt wurden",1
Audi plant Streichung mehrerer Tausend Stellen in Deutschland,0
Ausschreitungen in Italien: Neues Bildungsgesetz sorgt für eine Welle von Protesten,0
Abbruch des „Palast der Republik“ kostet weniger als erwartet,0
Biodieselverbrauch um 45 Prozent gestiegen,0
Camorra stellt nahezu perfektes Falschgeld her,0
Afghanistan: Opiumproduktion steigt im Jahr 2011 um 61 Prozent,0
Am heutigen Sonntag beginnen die vorgezogenen Wahlen in Italien,0
Sterbende Frau verabschiedet sich von ihrem Pferd - alle müssen weinen!,1
"Kuchen mit Popcorn, Schokomousse und Zuckerguss",1
Ayaan Hirsi Ali verliert niederländische Staatsbürgerschaft,0
Bundesverfassungsgericht will Entscheidung zu ESM am 12. September verkünden,0
Wie kann man den Darm reinigen? 4 Alternativen zum Einlauf,1
"11 Dinge, die du dir lieber abgewöhnen solltest",1
10 Fakten über Frauenkörper,1
7 Fingernagelformen – und was sie über deinen Charakter verraten. ,1
Anzeige gegen Präsident Erdogan wegen Kriegsverbrechen,0
Aktuelle Elektrofahrzeuge auf der eCarTec München,0
"Ein empörtes Mädchen zeigt, wie gefährlich ein angebliches Ideal ist.",1
Japanische Handtuch-Technik für eine bessere Figur.,1
"19 Hunde, die Heldenmut bewiesen haben",1
10-jähriger Junge rettet seine Mitschüler aus einem See voller Alligatoren.,1
Afghanistan: Kandidaten ziehen Beobachter aus der Wahlüberprüfung zurück,0
3-fach gefüllte Dumplings | Chinesische Teigtaschen | Jiaozi,1
"4 Ideen, mit Blumentöpfen bares Geld zu sparen",1
Afghanistans Präsident Karzai will „Kampf gegen den Terror“ auf das pakistanische Grenzgebiet ausweiten,0
100.000 Timoresen leben immer noch in Flüchtlingslagern,0
Inmitten des Bürgerkriegs verhungern die Tiere des verlassenen Zoos.,1
Afghanische Nationalhymne in Bonn eingespielt,0
5 süße Snacks für deine Halloween Party | Mit Rice Krispies,1
Biogas-Gewinnung: Maisfelder ertragreicher als Rapsfelder,0
25 Zivilisten bei Natoangriff in Afghanistan getötet,0
Alibaba Group kurz vor Rekordbörsengang,0
Andreas Voßkuhle wird neuer Präsident am Bundesverfassungsgericht,0
"Diese Dinge sprechen dafür und dagegen, alle 2 Tage zu duschen.",1
Batteriehersteller gibt Finanzspritze für Elektroautobauer Think Global,0
Angst vor Destabilisierung wächst nach Ministermord im Libanon,0
"20 Menschen, die beim Anblick ihres Essens enttäuscht wurden",1
"16 rücksichtslose Eltern, die anderen auf die Nerven gehen",1
"16 Naturfotos, die einen das Fürchten lehren",1
Unglück mit Boot: Mutter warnt nach CO-Vergiftung,1
"4 Gründe, nachts die Schlafzimmertür zu schließen",1
Herrlicher Rinderragout Auflauf,1
Auftragsproduktion von Elektroautos bei Mitsubishi?,0
16 Bilder von süßen Capybaras,1
Wunderschöne Fotos von frischgebackenen Mamas.,1
Baden-Württemberg: Schüler sollen keine Hausaufgaben mehr bekommen,0
One pot Lasagne bolognese – einfacher geht’s nicht!,1
3500 demonstrieren in Bern zum Flüchtlingstag,0
Quiz: Stimmen diese Mythen über den Körper wirklich?,1
Bangkok: Erfolgreiche Testlandung auf dem neuen Flughafen Suvarnabhumi,0
14 Bastelideen für jedermann | Perfekt für Kindergeburtstag,1
"Ceranfeld-Pflege: hilfreiche Tipps, um lästige Flecken zu entfernen",1
Natürliche Hausmittel gegen Nagelpilz.,1
ARD und ZDF setzen Berichterstattung über Tour de France aus,0
15 beeindruckende und erschreckende Unterwasserbilder.,1
Arbeiter produzieren eigenverantwortlich das „Strike-Bike“ in besetzter Fahrradfabrik,0
Chinas Wirtschaft stark überbewertet,0
Bangladesch: Ausschreitungen bei Protesten für Wahlrechtsreform,0
"11 Kinder, die an Halloween alle in den Schatten stellen",1
Blauzungenkrankheit jetzt auch in Baden-Württemberg nachgewiesen,0
"1,3 Kilo tote Muskeln aus Bodybuilder-Arm von Kirill Tereshin entfernt",1
Berlin: EU Außenminister beraten über Aufnahme der Beitrittsverhandlungen mit Albanien,0
16 Bilder von verrückten Frisuren,1
"15 Kinder und Tiere, die durch dick und dünn gehen",1
"14 Dinge, die es wahrscheinlich nur in Japan gibt",1
Bahn bietet GDL Lohnerhöhungen zwischen 8 und 13 Prozent an,0
"6 Hobbys, mit denen du auch nach Corona Geld sparst",1
Kleidung färben mit Naturmaterialien | Natürlich färben,1
Tusker: Will Burrard-Lucas macht Fotos von seltenem Elefant,1
"15 Schulen, die richtig ins Klo gegriffen haben",1
Nach ihrem Tod schläft Carl Tanzler 7 Jahre neben seiner Geliebten.,1
Apple senkt den Preis des „iPhones“,0
Herrlicher Nachtisch aus Raffaello und Rocher | Schokobecher,1
Frau hört Stimme ihres verstorbenen Ehemannes in der U-Bahn,1
Süßes Video: Mädchen schmettert ihr ABC aus voller Kehle.,1
"14 Paare, die wissen, wie man Halloween feiert",1
Afrikanische Union zieht eine Friedensmission für Somalia in Erwägung,0
Bundeskartellamt: Strompreise nicht manipuliert,0
Süßes Video: DJ Pryor „unterhält“ sich mit brabbelndem Sohn,1
Frau bemalt Treppe nach Buchrücken berühmter Klassiker. ,1
Abschlussbericht im „Fall Kevin“ vorgelegt: „Überzogener Sparkurs“ war Teil des Problems,0
"Bildergalerie: 20 Dinge, die zufällig perfekt zusammenpassen",1
10-jährige philippinische Sängerin begeistert Millionen.,1
Atomkatastrophe in Japan: Angst vor dem Super-GAU,0
Süßes Team: Spitz führt blinden Schlittenhund durchs Leben.,1
20 Jahre nach Tschernobyl: Diskussion um Atomkraft geht weiter,0
"14 Tiere, die mit ihrer Größe verblüffen",1
Angela Merkel zu Besuch in den USA,0
"19 Bäume, die sich ihr Leben nicht nehmen lassen",1
Apple präsentiert das iPad,0
Afghanistans Präsident Ashraf Ghani stellt sein Kabinett vor,0
"5 Schmerzen, die eine psychische Ursache haben können",1
Lass deine Pflanzen mitten aus einem Tisch sprießen. So schön!,1
Al-Qaida würde Atomwaffen gegen Vereinigte Staaten einsetzen,0
Test: Nur 1 von 4 Menschen können alle Farben dieses Fotos erkennen.,1
17 peinliche Bilder aus der Jugend und Kindheit,1
Ariane 5 erfolgreich gestartet – zwei Fernmeldesatelliten im All ausgesetzt,0
Alarmierender UN-Bericht zur Umsetzung der Milleniumsziele veröffentlicht,0
Beckstein fordert im Kampf gegen das Komasaufen hohe Strafen für Wirte und Eltern,0
"Mode-Fails, die den Betrachter ratlos zurücklassen",1
Kuchen aus mit Schokomousse und Beeren gefüllten Eiswaffeln ,1
Bund der Energieverbraucher kritisiert Strompreise,0
Baumwollpreis um bis zu 80 Prozent gestiegen,0
Assange vor Gericht: Entscheidung über Auslieferung an Schweden ist für Dienstag geplant,0
Borussia Dortmund möchte Fußballstadion zurückkaufen,0
Bundeskanzlerin Merkel reist nach China,0
Autobomben erschüttern das Stadtzentrum Bagdads,0
"15 Bilder, die alle eine Geschichte erzählen",1
"16 tolle Bilder von kuriosen Kuchen, die das Auge täuschen",1
Artenschutzkonferenz in Nagoya erfolgreich abgeschlossen,0
Chancen und Perspektiven der EU-Donaustrategie: Internationale Konferenz in Stuttgart durchgeführt,0
25 Ideen für alte Autoreifen.,1
Vater verwandelt Elektrorollstuhl in Barbie-Auto für seine Tochter.,1
Tolle Bilder: 5-Jährige und ihr Dobermann sind unzertrennlich. ,1
Bundesrechnungshof rügt mangelnde Haushaltsstrategie,0
"Echte Kerle, die mit dem Alter nur noch hübscher werden",1
"8 clevere Produkte, die gleichzeitig umweltfreundlich sind",1
"16 Bilder von alten Hunden, die süß sind",1
25 Jahre nach der Tschernobyl-Katastrophe – eine Bilanz,0
Bagdad wieder erschüttert vom Terror,0
BNP Paribas prüft Übernahme von Société Générale,0
Adriana Iliescu wurde mit 66 Jahren Mutter,1
China: mindestens 21 tote Kumpel bei Grubenunglück,0
Arabische Welt: Weitere Proteste gegen autoritäre Regime,0
500 Jahre Schweizergarde,0
Ergreifend: 75-Jähriger bekommt Nachbarschaftshilfe über Facebook.,1
Hähnchen Cordon bleu am Stiel,1
Autovermieter „Europcar“ geht für über drei Milliarden Euro an französischen Investor,0
Vorher-nachher: 20 befriedigende Bilder von Putzaktionen,1
Angriff mit einem Modellflugzeug auf das Pentagon vom FBI verhindert,0
Vorsicht beim Sparbuch-Anlegen für die Enkelkinder,1
Anti-Islam-Bündnis in 14 europäischen Ländern,0
"Abfluss verstopft: Dinge, die niemals in den Abfluss sollten",1
13 kuriose Möbel und verrückte Wohnideen,1
Bangkok: Flughafen Suvarnabhumi soll wie geplant eröffnet werden,0
Notarzt regt sich über Betrunkene auf,1
Bulgariens Regierung will jetzt doch kein neues Atomkraftwerk,0
"16 Bilder, die das Herz aufgehen lassen",1
Wickel-Erlaubnis von Babys: Pädagogin will Kinder zu körperlicher Selbstbestimmung erziehen,1
Aus diesem Grund sind Feigen nicht (immer) vegan,1
Britischer Discounter nimmt UKW-Radios aus dem Angebot,0
"10 Alltagsgegenstände, die früher ganz anders aussahen",1
Bahrain: Brutales Vorgehen von Sicherheitskräften gegen Demonstranten,0
"Airbus: Verhandlungen über Verkauf der Standorte Varel, Nordenham und Augsburg gescheitert",0
Mehr als nur Atemerfrischer: 5 ungewöhnliche Anwendungen für Minze. ,1
Audi: Erfolgsbeteiligung von 5.300 Euro nach Rekordergebnis 2008,0
Amnesty Bericht 2006: Benachteiligte zahlen den Preis für den Krieg gegen Terrorismus,0
3 herrliche Hähnchen Marinaden fürs nächste Grillen,1
Britischer Börsenhändler ergaunerte 40 Millionen Dollar,0
Australien droht Wollboykott,0
Peinliche Bilder: 16 alte Fotos zum Fremdschämen,1
"13 Großväter, die viel cooler sind als du",1
Künstler Tom Bob verschönert Nachbarschaft mit lustigen Bildern,1
Puddingkuchen aus Brandteig und Puddingcreme | Karpatka,1
1. August 2005: Stichtag der Rechtschreibreform,0
Video: Schlange hat falsche Beute verschlungen,1
Auslieferung des Airbus A380 erneut verschoben,0
"Hund, Katze, Eichhörnchen: 15 Tiere, die Pech haben",1
Atombombe „nur mit dem Taxi nach Seoul“,0
2006 war ein erfolgreiches Geschäftsjahr für Continental,0
2018 soll die Verhütung für Männer kommen.,1
Die 20-jährige Frau wird immer mit Zwillingen schwanger.,1
Autos vom Discounter LIDL,0
Baden-württembergische Landesregierung nach Polizeieinsatz gegen Stuttgart 21 in der Kritik,0
Diese 10 Dinge sind im Supermarkt nicht erlaubt,1
ARD und Chaos Computer Club: Elektronischer Personalausweis unsicher,0
Ariane transportiert Satelliten für britisches Militär und türkisches Unternehmen ins All,0
Ausgemusterter französischer Flugzeugträger Clemenceau zurück in Brest,0
Alstereisvergnügen in Hamburg lockt zahlreiche Besucher an,0
15 Leute enthüllen ihre peinlichsten Erlebnisse,1
Ab 2010: „Islamischer Religionsunterricht“ in Niedersachsen,0
7 delikate Abendessen mit Blumenkohl | Blumenkohl Rezepte,1
Asienreise des Hamburger Bürgermeisters Ole von Beust geht zu Ende,0
Junge Frau macht mutiges Foto mit künstlichem Darmausgang.,1
Bahnstreik behindert Güter- und Personenverkehr,0
"15 Dinge, die sich in wunderschöne neue Möbel und Deko verwandeln",1
17 witzige Momente mit Katzen,1
Lustige Kommentare und schlagfertige Antworten im Internet,1
Nächstenliebe in der Luft - Vater hilft fremder Mutter im Flugzeug.,1
Toast auf andere Art: verlockende Nutella-Bananen-Röllchen.,1
Abhörmaßnahmen der NSA sorgen für Irritationen in Deutschland und Europa,0
Britischer Elektro-Sportwagen soll dem Tesla Roadster Konkurrenz machen,0
Klo-Witz: Kinobesucherin geht auf Herrentoilette,1
Besonders kross: mit Mozzarella gefüllte Hähnchenkeule,1
Bayern: Verfahren gegen zu Guttenberg wird möglicherweise wegen „mangelnden öffentlichen Interesses“ eingestellt,0
Ergreifendes Bild: Kind verabschiedet sich von schwangerer Mutter.,1
Acht Tote bei US-Angriff in Syrien,0
Mann malt mit Kreide Überraschung für kleinen Jungen,1
Apple geht gegen „QuickTime Alternative“ vor,0
9 Tricks mit Plastikflaschen,1
Deutscher Handwerker trifft mit Facebook-Post einen Nerv,1
Baden-Württemberg: Umweltministerin veröffentlicht erste Lärmkarten,0
AfD verzeichnet starken Wählerzustrom,0
"Baden-Württemberg: Umstrittenes Polizeigesetz wird in den Landtag eingebracht, neues Versammlungsrecht zur Anhörung freigegeben",0
Rheinland-Pfälzer schickt totem Opa Ballon-Brief und bekommt Antwort. ,1
Atomforum kritisiert Vattenfall,0
"Atomenergie: Sarkozy kritisiert diejenigen, die „den Fortschritt gefährden“",0
"Kuchen mit Wackelpudding, der aussieht wie ein Aquarium",1
So verhältst du dich in der Sauna richtig,1
Anschlag in Afghanistan - Erneut ein deutscher Soldat gestorben,0
AfD gewinnt drei Direktmandate bei der Bundestagswahl - Petry schert aus,0
Airbus erhält Großauftrag von American Airlines,0
5 Päckchen saftigster Schichtbraten,1
Hund und Baby haben entzückende Routine nach Mittagsschlaf,1
10 Bilder: Fotograf Alan Powdrill knipst versteckte Tattoos,1
Achim Steiner wird neuer UNEP-Chef,0
Albanien und die Türkei rücken enger zusammen,0
"10 Dinge, die Wahrscheinlichkeit von Lottogewinn übertreffen",1
"16 Katzen, die Mützen aus ihrem eigenen Fell tragen",1
Bürger wollen Miteigentümer bei Stadtwerken werden,0
Ausschreitungen bei Atom-Protest in Morsleben,0
Mit Schokolade überzogenes Gebäck in süßer Zipfelform,1
Afghanistan: Abdullah Abdullah lenkt ein,0
BMW setzt auf Verbrennungsmotoren,0
"Erstaunlich, was die Natur für Tiere hervorbringt.",1
Bank ohne Zinsen: Erste Islam-Bank kommt nach Deutschland,0
Bangkok: Zehntausende fordern den Rücktritt der thailändischen Regierung,0
"6 Doppelstandards, durch die Frauen kritisiert werden",1
16 Bilder: Frau kreiert verstörende Skulpturen nach Träumen,1
Apology Act in Kanada – Entschuldigen ohne Schadensersatz,0
14 Bilder von verrückten Zufällen,1
Bauernverband Aargau kritisiert Ausbauvorhaben des Luzerner Reusswehrs,0
"To-do-Liste für den Garten: 11 Dinge, an die man im Oktober denken muss",1
Video-Auftritt: 2 Frauen spielen mit Füßen auf Riesenklavier. ,1
"16 Leute, die Dinge auf ihre ganz eigene Art machen",1
Zärtliche Umarmung von Baby-Zwillingen endet tragisch.,1
Bilanz der Feuersbrunst in Kalifornien: ein Werk von Brandstiftern,0
11 Jahre Gefängnis für chinesischen Bürgerrechtler Liu Xiaobo,0
"15 Dinge von früher, die heute unvorstellbar sind",1
15 Bilder von Hunden mit viel Charakter,1
Optische Täuschung: 12 lustige Bilder von Illusionen,1
AOL möchte nach Gold graben,0
Hier sind 10 Power-Snacks gegen Durchhänger beim Lernen. Gesund und lecker!,1
Niedliche Bilder: 20 unglaubliche Tierfreundschaften,1
"14 Leute, die an Halloween allen die Schau stehlen",1
Atommüll bleibt ein ungelöstes Problem - Konferenz in Kassel,0
Brasilien und Argentinien fordern von Bolivien Gespräche über Gaspreise,0
"16 Tierfotos, die genau im richtigen Moment entstanden sind",1
Bald neuer Jackson Song,0
Baden-Württembergs ehemaliger Ministerpräsident Hans Filbinger gestorben,0
"7 Rezepte mit Kohl | Weißkohl, Wirsing, Spitzkohl",1
"14 Babyfotos, die nicht fürs Familienalbum geeignet sind",1
Die 10 schlechtesten Buchverfilmungen aller Zeiten,1
Algerien will seine Schulden beim Pariser Club zurückzahlen,0
Lachvideo: Bräutigam verspricht sich und Braut lacht sich kaputt. ,1
Matt und Hannah Bradley nehmen vor Hochzeit 60 Kilo ab,1
11 Fehler beim Aufräumen mit Kindern,1
Florale Biskuitrolle mit Frischkäsecreme und Erdbeeren,1
10 bewegende Geburtsfotos,1
Erwischt! 19-Jährige kommentiert ihr eigenes Fahndungsfoto im Internet.,1
"Körpersprache und Verhalten: 7 Signale von Katzen, die Besitzer kennen sollten",1
Junge finanziert kugelsichere Westen für Polizeihunde,1
Die 7 besten Alternativen für Zucker.,1
Abdullah Abdullah kündigt Nichtanerkennung des Wahlergebnisses an,0
Bayerischer Verfassungsschutz veröffentlicht Halbjahresbericht - Die Linke weiterhin Beobachtungsobjekt,0
Bei diesem Spiel gibt es richtig was ins Gesicht.,1
Barack Obama gewinnt Vorwahlen in South Carolina,0
11. Oktober 2010 ist Coming-out-Tag,0
Böhlener Wald erlitt schwere Sturmschäden,0
10 fast vergessene Diäten,1
Eulenschwalm: Unbekannte Vogelart wird oft für Eule gehalten,1
Ahlhaus neuer Bürgermeister von Hamburg,0
Beste Reaktion: 4 Mütter ahmen das Selfie ihrer Söhne nach. ,1
Berichte über Vorbereitungen der USA auf einen Iran-Krieg,0
7-mal legendärer Cheesecake | Kreative Käsekuchen,1
"20 Face Swaps, die dich in deine Alpträume verfolgen werden.",1
Anton Schlecker: Vermögen der Kinder sichert Auskommen,0
Auch Europa-Geschäftsführer von Vattenfall zurückgetreten,0
Brüchige Banknoten: Sabotage nicht auszuschließen,0
Toilette reinigen mit Hausmitteln: 4 Tricks für Problemfälle,1
15 lustige Tweets von Eltern über den Alltag mit Kindern,1
Arbeitslose werden durch Hartz IV ausgegrenzt statt reaktiviert,0
Abhöraktionen in den USA: Electronic Frontier Foundation verklagt NSA und Bush,0
Anschlag auf Zug in Indien tötet viele Reisende,0
Mit diesem Trick bekommst du deine Familiengeschichte auf ein einziges Bild.,1
"16 Gründe, warum jeder einen Hund haben sollte",1
BASF hofft auf weitere Genehmigungen für gentechnisch veränderte Kartoffeln,0
Bremen hat die höchste Leistungsdichte bei Windkraft,0
Todkranke Frau lädt ihre Freunde zu einer letzten Feier ein und bringt sich dann um.,1
"Hackfleisch Bombe mit Camembert, Spitzpaprika und Bacon",1
Ägyptische Zensur trifft FAZ,0
Carl Zeiss verlagert Bereiche aus Jena nach China,0
Abgeordneter versuchte Schusswaffe in sächsischen Landtag schmuggeln zu lassen,0
Baden-Württembergs Ministerpräsident Oettinger wegen Filbinger-Trauerrede in der Kritik,0
"Wahre Größe: Sportler verkauft Silbermedaille, um Jungen zu retten.",1
Börse: Google kommt in Turbulenz,0
Bad Aibling: Richtfest für erstes Holz-Hochhaus Deutschlands,0
Bürgermeister von New York City verärgert über Actionspiel,0
"14 Dinge, die sich in anderen Dingen versteckt haben",1
"Gute Gründe, Bananenschalen nicht wegzuschmeißen.",1
Gemobbte Frau postet jeden Tag ein Selfie,1
10 verrückte Familienerlebnisse,1
Altbundespräsident Kurt Waldheim in Wiener Krankenhaus,0
Baden-Württembergische Schüler sprechen sich für die Dreigliedrigkeit des Schulsystems aus,0
Antrag gegen Haltung von Mastkaninchen in Bundestagsausschuss abgelehnt,0
"9 Fehler, die Hotelgäste laut Zimmermädchen machen",1
BASF plant Übernahme des US-Konzerns Engelhard,0
Ab Montag: Bahnkunden müssen mit Streiks rechnen,0
Blechdosen-Upcycling: 17 schöne und praktische Ideen,1
Baupfusch: 17 lustige Bilder von Elektriker-Fails,1
18 Bücherregal-Dioramen und ungewöhnliche Buchstützen,1
Adidas-Salomon erhöht Dividende,0
Angela Merkel als CDU-Vorsitzende mit großer Mehrheit wiedergewählt,0
12 Frauen zeigen ihre Körper nach der Schwangerschaft,1
17 Deko- und Upcycling-Ideen aus alten Küchenutensilien,1
Ahmadinedschad warnt erneut vor Militärschlag gegen sein Land,0
Süßer Anblick: 8-Jähriger hilft kleiner Schwester beim Trinken. ,1
Dieser Farbentest ermittelt deine Persönlichkeit.,1
Bayer sticht Merck im Kampf um Übernahme von Schering aus,0
Architektenentwurf für Spaceport America ausgewählt,0
Aus alten CDs funkelnde Discokugel herstellen. ,1
10 Leute mit genetischen Besonderheiten,1
"23 Leute, die überhaupt kein Schamgefühl kennen",1
"16 Katzen, die ihre Besitzer zum Lachen bringen",1
Brinkhoff-Brauerei in Dortmund wird geschlossen,0
15 Vorher-nachher-Bilder von ehemaligen Alkoholikern,1
Argentiniens Ex-Diktator Videla zu lebenslanger Haft verurteilt,0
Amerikanisch-Samoa: Rufe nach vollständiger Autonomie werden lauter,0
Diese Lavendel-Limonade tut gleich mehrfach gut.,1
Arabische Bewohner von Kirkuk sollen umgesiedelt werden,0
Am 31. Dezember 2011 verjähren Schadensersatzansprüche von Anlegern,0
BAB 6 bei Kaiserslautern: LKW-Unfall mit Gefahrstoffaustritt,0
Abtreibungsgegner protestieren in Berlin mit Schweigemarsch,0
ADAC-Mitgliederzahl stark angestiegen,0
"17 Hacks für Singles, die von Einfallsreichtum zeugen",1
23 Tote bei Transrapidunglück,0
12 lustige Katzen-Situationen,1
Australien: Regierung reagiert mit Freigabe der Jagd auf Zunahme von Haiangriffen,0
"7 Küchen-Regeln, die nicht stimmen",1
"Dieser Test verrät dir, welcher Disney-Charakter du bist.",1
Lustige Werbung auf Autos: 15 Bilder von Guerilla-Werbung,1
Diese Tierschutzgesetze sollten ein Vorbild für alle sein,1
Bayerische Alpen: Urlauber stornieren Buchungen wegen Bruno-Abschuss,0
Witz des Tages: Mann rächt sich für Bett-Enttäuschung,1
Aktion gegen (Bananen-)Software-Patente,0
10 Upcycling-Ideen aus Schirmen zum Selbermachen,1
Ankara: Syrisches Passagierflugzug zur Landung gezwungen - Militärgüter an Bord?,0
10 Antworten von Müttern auf nervige Sprüche von Großeltern,1
"Aussaat im September: 10 Gemüsesorten, die noch ins Beet können",1
Afghanistan: Drei britische Soldaten von uniformiertem Mann erschossen,0
"Leckere Kekse mit Giotto, die aussehen wie Pfirsiche",1
Barak: „Krieg bis zum bitteren Ende“ – Israelische Luftwaffe bombardierte weiter Ziele im Gazastreifen,0
Atombombentest in Nordkorea löst weltweite Proteste aus,0
"16 Katzen, die nicht zu den Klügsten gehören",1
Boeing 737-800 mit 155 Menschen in Brasilien abgestürzt,0
"14 Katzenbesitzer, die immer gut lachen haben",1
Ein Telefonanruf rettet der Bulldogge das Leben.,1
"17 Tattoos, die Narben zu etwas Außergewöhnlichem machen",1
Betrügereien beim Jobcenter in Bremerhaven aufgedeckt,0
Atomalarm in Japan – Explosionen im Kernkraftwerk Fukushima I,0
Bangkok: Thailands Regierung wegen Wahlbetrugs aufgelöst,0
Lustige Bilder: 20 verrückte Flughafen-Momente,1
"Momente aus der Natur, die niemand erwartet hat",1
Frau hält den letzten Tag ihrer geliebten Hündin in Bildern fest.,1
Beim Versicherungskonzern AMB Generali fallen Arbeitsplätze weg,0
Knutschfleck löst bei 17-Jährigem tödlichen Schlaganfall aus.,1
Ausnahmezustand in Pakistan aufgehoben,0
Algerien setzt Flüchtlinge trotz EU-Hilfen in der Sahara aus,0
Alaskas Gouverneurin Sarah Palin kündigte Rücktritt an,0
Aufklärung eines Mordes nach über 320 Jahren,0
"Auf frischer Tat - Mann erwischt Frau mit ""Freund"" im Bett. ",1
Aktuelle Stunde im Bundestag zu den Flüchtlingen aus Nordafrika,0
Um Körper dieses Jungen steckt ein riesiger Fremdkörper.,1
9. Mai: Europatag erinnert an Aufruf von Robert Schuman,0
"13 Eltern, die etwas Gutes tun wollten, aber versagt haben",1
"4 saugefährliche Mittel, die man früher für gesund hielt",1
Bau von Minaretten in der Schweiz verboten,0
Amnesty international fordert Auslieferung,0
Aus für deutsche BenQ-Siemens-Handys,0
Einfacher Kuchen mit besonderem Muster dank Kakaopulver,1
Ausgangssperre in Myanmar aufgehoben – Druck auf Militärjunta wächst weiter,0
Anschlag in Çeşme,0
Auto Club Europa: Straßenzustand in Deutschland ist dramatisch schlecht,0
Verschwundene Katzen finden nach Jahren den Weg nach Hause,1
Was kann man gegen Hämorrhoiden machen? 5 Hausmittel,1
DIY Halloween Kostüme | Verkleidung für die Halloween Party,1
Amtsenthebungsverfahren gegen die philippinische Präsidentin Arroyo gescheitert,0
In 60 Minuten ein Designer-Regal - so geht's!,1
Australische Soldaten gehen mit Fahrrad auf Patrouille,0
Obdachloser wird mit seinem Sohn wiedervereint.,1
Atommülltransport aus dem Zwischenlager Ahaus nach Russland nicht genehmigt,0
"6 Dinge, die in anderen Ländern im Supermarkt verboten sind",1
Arbeitsmarkt: über 720.000 Kurzarbeiter im Februar 2009,0
Angst in Moskau nach Terroranschlägen,0
Ariane soll 2005 noch viermal starten,0
No-Go-Lebensmittel in den 4 Phasen des Menstruationszyklus,1
Boeing 777-200LR stellt neuen Weltrekord auf,0
"19 Tricks, wie du Haarspülung außerdem benutzen kannst.",1
Airbus-Sanierung: Arbeitsniederlegungen für den Erhalt von Arbeitsplätzen,0
22. Februar 2005: Deutschland bereitete sich auf den Besuch des US-Präsidenten Bush vor,0
Wann helfen Kinesio-Tapes? 10 Schmerzen und Beschwerden,1
"15 Gesichter, hinter denen ein und dieselbe Frau steht",1
Airbus: Militärtransporter A400M absolviert erfolgreichen Jungfernflug,0
Anschlag auf Präsident Osttimors,0
"10 Tattoos, die nach Jahren verblasst sind",1
"10 toxische Verhaltensweisen von Eltern, die Kindern schaden",1
"Er kauft 120 Meter Plastik, die sein Haus vor den Fluten retten.",1
Bangkok: Ministerpräsident Abhisit kündigt schärferes Vorgehen gegen „Rothemden“ an,0
Albanien: Demonstranten fordern Rücktritt des Ministerpräsidenten Edi Rama,0
Zum Lachen: 16 witzige Polizei-Tweets,1
Angela Merkel zur ersten deutschen Bundeskanzlerin gewählt,0
"17 Kinderfotos, für die sich Erwachsene heute schämen",1
Anlässlich der Revolutionsfeier erklärt sich der Iran zum „Atomstaat“,0
Kinderleicht: 17 clevere Tricks von Eltern für Eltern,1
Bayerische Studenten müssen ab 2007 zahlen,0
Wie man aus einer Coladose eine Popcorn-Maschine macht.,1
"16 Haustiere, die die Lachmuskeln strapazieren",1
"Einfache Zaubertricks, die absolut jeden begeistern",1
Aachen: Europäisches Wissenschaftsparlament nimmt seine Arbeit auf,0
Wie verhält man sich bei einem Wildschwein-Angriff? ,1
Audi dementiert: Keine Produktion im VW-Werk Emden geplant,0
"Läufer wird mit dem Hund wiedervereint, der ihn auf 250-km-Lauf begleitete.",1
Anklage fordert 7 Jahre Haft für Timoschenko,0
Unheimliche Fotos von möglichen Geistererscheinungen.,1
"Bulgur Grieß Teig mit Couscous, Camembert oder Bolognese",1
Ban Ki-moon wird Nachfolger von UN-Generalsekretär Kofi Annan,0
"Mann rächt sich an Frau, die ihn für teure Dates benutzt hat",1
14 peinliche Hochzeitsmomente,1
"17 Tricks und Ideen, Geldgeschenke richtig zu verpacken",1
Antrag eingegangen: Schröder stellt am Freitag im Parlament die Vertrauensfrage,0
Besonders saftige Schweinekeule vom Grill mit Coleslaw,1
"20 Konstruktions-Fails, die zum Schreien komisch sind",1
Chinesischer Bauer verklagt Chemiegiganten,0
Bremer Unternehmen OHB Technology erhält Großauftrag für das europäische Navigationssystem Galileo,0
Anti-Stalking-Gesetz: Bundestag schafft neuen Straftatbestand,0
Mädchen mit winzigen Gliedmaßen muss in einem Waschkübel leben.,1
Die 7 besten Blumenkohl-Rezepte der Welt,1
"14 Orte, die beim Putzen oft übersehen werden",1
BMW plant Streichung mehrerer tausend Stellen in Deutschland,0
"11 Anblicke, die Leute gehörig erschreckt haben",1
Das sind die 27 peinlichsten Babyfotos. Die MUSST du sehen.,1
Ein süßes Team: Löwe und Tiger sind unzertrennlich.,1
Amazon Dash Buttons verletzen deutsches Recht,0
Bayerischer Grünen-Politiker Sepp Daxenberger gestorben,0
Apple-Gründer Steve Jobs gestorben,0
25 tote Zugvögel in Rheinland-Pfalz entdeckt,0
Bundesregierung plant Änderung des Baugesetzbuches,0
Frischgebackener Papa schreibt nach Geburt Brief an Ehefrau,1
Außenminister Steinmeier gab Interview zu Irankonflikt,0
13 Partnerkostüme für Halloween,1
Brasilien: Deutsche Bank an Korruptionsskandal beteiligt,0
Air Berlin will LTU übernehmen,0
"14 Fotos, die jede schlechte Laune vertreiben",1
Frau befreit Hundewelpen aus zugeknoteter Mülltüte.,1
Auch Starchaser will von Spaceport America starten,0
Chemie-Industrie: Weltkonzerne pokern um die Macht,0
"Bundeskartellamt: Deutsche Kaffeeröster Dallmayr, Tchibo und Melitta wegen Preisabsprachen abgestraft",0
Körpereinsatz! Internet feiert engagiertesten Klempner der Welt.,1
15 seltene Fotos zeigen verborgene Geheimnisse,1
15 unheimliche Bilder: Das sind Italiens Geisterstädte,1
Maskenpflicht: 20 verrückte und lustige Masken,1
Witz des Tages: Mann überrascht Frauen beim Nacktbaden auf seinem Grundstück.,1
Ausschreitungen bei Demonstrationen in Bern,0
Essbarer Obstkorb aus Blätterteig mit Mascarponecreme,1
"Neufundländische Stadt Gander lud tausende Fluggäste ein, die nach dem 11. September dort gestrandet waren.",1
"6 Klischees früherer Generationen, die absolut veraltet sind",1
Persönlichkeitstest errät: Wie ist dein eigentlicher Vorname?,1
"10 angepasste Einrichtungen, die aus IKEA-Möbeln gemacht sind.",1
Alibaba erhöht den Preis für sein Aktienangebot,0
Bangkok: Oppositionelle „Rothemden“ demonstrieren für Rücktritt der Regierung,0
Junges Paar macht mit todkrankem Hund eine letzte Reise.,1
5 DIY Ideen mit Eiswaffeln | zum Basteln und Naschen,1
Australien: Geheimdienst richtet Zentrum zur Abwehr von Cyberangriffen ein,0
Himmlische Butternut Kürbis Pizza | Butternut Kürbis Rezept,1
Afghanistan: Zwei deutsche Soldaten erschossen,0
Baden-Württemberg: Kretschmann zum ersten grünen Ministerpräsidenten vereidigt,0
17 Bilder zeigen durch die Zeit abgenutzte Dinge,1
14 gefährliche Design-Fails,1
Airbus-Nachforderungen für den A400M: Regierung zeigt sich unnachgiebig,0
Aufgrund von Sicherheitsbedenken wurde hunderten Deutschen die Einreise verweigert,0
"19 Hunde, die ihre Besitzer an deren Grenzen bringen",1
Schimpfende Papageien bringen Zoobesucher zum Lachen,1
7 schaurig-schöne Halloween Rezepte für die Halloween Party,1
"Junge, der nicht älter als 2 Jahre werden sollte, feiert 30. Geburtstag.",1
Junge Frau bekommt durch die Pille einen Schlaganfall.,1
Nudeln selber machen – von Farfalle bis Tortellini | Nudelteig,1
Blauhäher tröstet schwerkranke Retterin Dina Theissen,1
"20 Bilder beweisen, dass die Welt ein schöner Ort sein kann",1
Die Anleitung dieser Mutter für ihre Kinder ist echt zum Schießen.,1
Toll: Nachbarn helfen alter Dame heruntergekommenes Haus zu renovieren. ,1
Bayer soll Stellenabbau bei Tochterunternehmen Schering planen,0
Ablösung des deutschen Kriegsschiffs „Mecklenburg-Vorpommern“ im Libanon,0
Alternative Nobelpreise 2009: Politisches und soziales Engagement zum Wohle der Menschen gewürdigt,0
Wunderschönes Video von einer einzigartigen Begegnung im Meer.,1
Annan-Vorstoß zur Reformierung der UN gescheitert,0
Arbeitgeberpräsident Dieter Hundt kritisierte die deutsche Bundesregierung,0
"Kündigungen, die in die Firmengeschichte eingingen",1
Bayern: Umweltminister Söder will Kernkraftwerk Isar I abschalten,0
"14 Bilder, die den Generationsunterschied zeigen",1
Heizungsluft im Winter: Mit 10 Tricks Raumklima verbessern,1
"Diese 30 Dinge sind mehr, als der erste Blick vermuten lässt.",1
"20 brillante Designs, die das Leben verbessern",1
Baden-Württemberg: Fortsetzung der CDU-FDP-Koalition auf Landesparteitagen beschlossen,0
Ostdeutsche Sprache: Mach dieses urst gute Quiz,1
"Hochzeitsplanung: 7 Fehler, die Stimmungskiller sind",1
"Leute, die sich die Wahrheit mit Photoshop zurechtbiegen",1
Witz des Tages: die außerirdischen Ohren,1
Armenischer Airbus stürzte ins Schwarze Meer,0
Herzhafter Hefezopf mit selbst gemachtem Pesto Rosso,1
Bahn und Lokführergewerkschaft unterbrechen Verhandlungen – Drohen neue Streiks in Deutschland?,0
Alkoholfreie Getränkesparte von Brau und Brunnen von Hassia erworben,0
Aufwind am deutschen Arbeitsmarkt hält an – Arbeitslosenquote auf niedrigstem Stand seit 1993,0
Aserbaidschan: Größter privater Fernsehsender abgeschaltet,0
China baut Mondrover für eine Mission im Jahr 2012,0
Baden-Württembergs Innenminister Rech verliert Schirmherrschaft wegen seines Verhaltens bei Stuttgart 21,0
Bangkoks neuer Flughafen Suvarnabhumi eröffnete mit Problemen,0
Bangladesh: Erdrutschsieg für Scheich Hasina,0
 Faszinierende Fakten über unsere Welt,1
"Enchilada, gefüllt mit Hackfleisch, Reis und Kidneybohnen",1
Zahnärzte warnen vor gefährlichem Trend im Internet,1
"4 Frisuren, die deine Haare im Zopf schick aussehen lassen",1
Aachen leidet unter der Luftbelastung,0
Am 15. Dezember wählt das Parlament Thailands einen neuen Ministerpräsidenten,0
Antiterrorgesetz der USA unter Kritik,0
Armee stürmt die israelische Siedlung Kfar Darom,0
Mädchen auf Schwimm-Einhorn wird aus Mittelmeer geborgen,1
"So findest du heraus, ob dein Hund zum Blindenhund taugt.",1
"Gummibärchen, als bunte Pannacotta oder Törtchen zubereitet",1
"Tierlieber Radfahrer fährt 16 km, um Welpen zu retten.",1
Im Lichterglanz: Mann kreiert Kunst aus Holzklötzen und Glasbrocken.,1
100 Tage „Schwarz-Gelb“ in Deutschland: verheerende Bilanz für FDP,0
Barbara Rütting tritt aus den Grünen aus,0
Diese 5 Gründe können einen aufgeblähten Bauch verursachen,1
Diese Eule hat die wohl lustigste Lache aller Zeiten.,1
Anschlagsversuch auf Hamburger Gericht,0
"14 Leute, die sich nicht um Logik scheren",1
Aufrüttelnde Kampagne zeigt Folgen von Telefonieren am Steuer.,1
Bill Gates zieht sich aus dem Tagesgeschäft von Microsoft zurück,0
Ausmaß der Telefonüberwachung 2004 weiter gestiegen,0
Arcor sperrt Zugriff auf Websites mit pornografischen Inhalten,0
In der Scheune dieser 87-Jährigen beginnt eine wundervolle Katzenfreundschaft.,1
Adidas-Salomon bald schuldenfrei,0
Quiz: Die am häufigsten falsch geschriebenen deutschen Wörter,1
Auf den Punkt gebracht: 15 witzige Tweets über die Ehe,1
Chili con Carne de luxe: Chili in einer Hackfleisch-Schale,1
Afrikanische Union lehnt ausländischen Militäreinsatz in Libyen ab,0
Auswärtiges Amt verschärft Sicherheitshinweise für Reisen in die Türkei,0
Almunia fordert die Errichtung eines Energiebinnenmarktes,0
Angela Merkel als Bundeskanzlerin wiedergewählt,0
Ein trauriger Babyelefant tröstet seine sterbende Mutter.,1
"Baby, dessen Herz 8 Minuten lang stillstand, wird tiefgekühlt und erholt sich vollständig.",1
"""Mein Engel"": Nachricht von Mutter an ihr totes Kind rührt zu Tränen.",1
Ariane 5 transportierte „Syracuse-3B“ und „JCSat 10“ ins All,0
Bahnfahren wird im Dezember wieder teurer,0
Rocker covert Welthit und sorgt für Gänsehaut. Zugabe!,1
18 Fotos enthüllen die Geheimnisse der Natur,1
Tödliches Übergewicht: Matthew Houser nimmt über 270-Kilo ab,1
Astra startet Website zu seinem HD-Plus-Service – Verbraucherschutzzentrale warnt vor verwendetem CI+,0
"1,3 Millionen Bundesbürger in Deutschland haben kostenlos Pakete verschickt",0
Chaos in der Schweiz nach Stromausfall,0
Chiropraktiker heilt krankes Baby mit umstrittener Methode von seinen Koliken.,1
Grusel im Urlaub: 10 unheimliche Reiseziele,1
"14 Tiere, die von ihren Besitzern eiskalt erwischt wurden",1
Originelle und kreative Geschenkverpackungen zum Selbermachen,1
Auch Subaru will in Japan ein Elektroauto auf den Markt bringen,0
"18 Dinge, die wie ganz andere Dinge aussehen",1
19 schwangere Tiere kurz vor der Niederkunft,1
Absatzanstieg bei Opel,0
" 11 Tiere, die auf Tuchfühlung gehen",1
"2 Clafoutis Rezepte, herzhaft mit Feigen oder süß mit Birnen",1
Alibaba-Aktie gewinnt 38 Prozent am ersten Handelstag,0
Anschlagserie auf ISAF-Schutztruppe in Afghanistan verübt,0
"14 geniale Anwendungen für Tigerbalsam, die du sicher noch nicht kennst!",1
"Der Junge hat die perfekte Antwort für ein Kind, das ihn wegen seiner Turnschuhe auslacht.",1
Endlich nie mehr nasse Füße in Stoffschuhen mit Kerzenwachs!,1
Ab 2006 nonstop von Köln/Bonn nach New York,0
So bekommst du deinen ganzen Kleiderschrank ins Handgepäck.,1
Straßenhund wird von seinen Rettern rasiert und ist kaum wiederzuerkennen.,1
"11 Mitglieder im Fitnessstudio, die einfach nur eklig sind",1
75 Jahre Coca-Cola in Deutschland: Zwischen „American way of life“ und Globalisierung,0
Außenminister Steinmeier sagt Syrien-Reise ab,0
Ab dem Schuljahr 2006/07 gelten einheitliche Rechtschreibregeln,0
12. Gipfel der Organisation für Islamische Zusammenarbeit in Kairo beendet,0
Afghanistan: Nachzählung der Stimmen zur Präsidentenwahl beendet,0
Chinesischer Fahrradverleiher Mobike meldet Einschränkungen,0
China sorgt für Unsicherheit in der Abfallwirtschaft,0
Auswärtiges Amt rät von Reisen nach ganz Ägypten ab,0
Ab sofort „*.eu-Domain“ erhältlich,0
Afghanischer Luftwaffenpilot tötet im Streit mindestens sechs ISAF-Soldaten,0
Al-Qaida bekennt sich zu Bhutto-Attentat,0
Baden-Württemberg: EDEKA nimmt US-Reis aus den Regalen,0
"Kristy Watson postet Bilder ihres verstorbenen Babys, um zu warnen",1
Es kann so viel: 9 Life Hacks mit Mundwasser,1
Bayerische ödp überschreitet kurz vor Landtagswahl die 4000-Mitglieder-Grenze,0
Fritzchen-Witz: Mutter beim Fremdgehen erwischt,1
"19 Wahlplakate, bei denen du heulst vor Lachen. ",1
16 lustige Hundetweets über die Gedanken eines Hundes,1
Bridgestone ist optimistisch für 2006,0
Chaos bei Neueröffnung eines neuen Terminals im Flughafen Heathrow,0
Introvertiert? Test verrät deine Persönlichkeit,1
"15 Bilder, bei denen der Zufall Meister der Perfektion ist",1
Call-Center-Mitarbeiter: Buchstabieren Sie bitte „Totalausfall“,0
Ausstellung zum Tschernobyl-Tag in Bremen abgesagt,0
Originelles Bettkopfteil: 15 Ideen für dein Schlafzimmer,1
"Angela Merkel, der Dalai Lama und chinesische Verstimmungen",0
Afghanistan: US-Soldaten haben nach Medienberichten 40 afghanische Zivilisten erschossen,0
16 witzige Fotos von süßen schwarzen Katzen,1
Dank Pubertät vom hässlichen Entlein zum schönen Erwachsenen,1
16 witzige Tierfotos,1
Am 5. Januar 2005 starb Alfred Freiherr von Oppenheim,0
16 lustige Bilder von sinnlosen Dingen,1
Angeblich Werksschließungen bei MAN,0
ARD strahlt nach Protesten das Putin-Interview vollständig aus,0
Anonymous hackt sich bei US-Sicherheitsunternehmen ein und bucht 1 Million Dollar für gemeinnützige Zwecke ab,0
Antrittsbesuch: Merkel zu Besuch bei Trump in Washington D.C.,0
Baby Luna Musa schneidet grimmige Grimassen,1
Afghanische Politikerin in Kandahar erschossen,0
Aktienspekulation zum Jahresende: 2 Millionen Solarworld-Aktien umgesetzt,0
Jane Slater entlarvt mit Fitnessband untreuen Ex-Freund,1
Baden-Württemberg: SPD kritisiert Schwindel mit Studiengebühren,0
China erlässt Ausfuhrbeschränkungen für seltene Erden,0
Bundesnetzagentur will Lohn-Dumping-Vorwürfen gegen Post-Konkurrenten nachgehen,0
Albanien erfüllt EU-Bedingungen immer noch nicht,0
Amtliches Endergebnis erst im November?,0
Bayerischer Gesetzesentwurf gegen „Killerspiele“ beim Bundesrat vorgelegt,0
Aus für die Steinkohleförderung in Deutschland,0
Berlin hat Klagefrist verschlafen – Reichsvermögen bleibt beim Bund,0
16-jähriger US-Amerikaner reiste für Schulprojekt in den Irak,0
Mit cremig-würzigem Hähnchen gefüllter Kartoffelrösti,1
Afghanistan: Afghanischer Soldat nach Erschießung französischer Soldaten zum Tode verurteilt,0
Athen: Explosion in US-Botschaft,0
Lustiges Video: Mann in Hundesalon tanzt mit vierbeinigen Kunden. ,1
15 absurde Begegnungen im Supermarkt,1
Zuckersüßes Duett - Papageien singen vor Kamera ein Ständchen.,1
"Als die Frau ihr Kind stillt, wird sie öffentlich beleidigt.",1
Angst vor Krieg in Georgien,0
Belgischer Hersteller ruft Käsemarke Nazareth Classik zurück,0
Abgeordnetenwatch kritisiert mangelnde Dialogbereitschaft zu Stuttgart 21,0
kinder Riegel selber machen | XXL Schokoriegel,1
Dr. Sarah Gray bekämpft Vorurteile gegenüber Tätowierungen,1
"Teebeutel, Kassenzettel und Luftpolstertasche: 14 häufige Fehler bei Mülltrennung und Recycling",1
"Fernanda Ramirez sticht Tattoos, die wie gestickt aussehen",1
ASEAN: Myanmar will ausländische Hilfe begrenzt zulassen,0
Ariel Scharon hat heute 78. Geburtstag,0
Attentat in Karatschi fordert 136 Menschenleben,0
Diese Erziehungsmethoden sind heute nicht mehr akzeptabel,1
Arbeitslosenzahlen Oktober 2005,0
Afghanistan: Fragestunde im Bundestag zu Vorfällen in Taloqan,0
"11 dreiste Katzen, die von „Paparazzi“ erwischt wurden",1
600 Tote oder Vermisste bei Flut in Nordkorea,0
"Knusprig gebackene Bananen, mit Schokolade gefüllt",1
Herbstliche Biskuitrolle mit Kürbis und Buttercreme,1
Arcandor meldet Insolvenz an,0
15 Bilder von lustigem Geschirr,1
"9 Eigenschaften, die dich zu einem schlechten Menschen machen",1
Angela Merkel will ein starkes Augenmerk auf die Bildung legen,0
2006 ergaben sich 99 PKK-Mitglieder,0
Abmahnwelle wegen fehlendem Impressum in Facebook,0
Berliner Verkehrsbetriebe streiken ab 5. März 2008,0
Auch Schwedens Polizei ist jetzt in Erklärungsnot,0
Außerplanmäßige Landung mit 78 Passagieren auf dem Grazer Flughafen Thalerhof,0
Angela Merkel fordert große Koalition in Schleswig-Holstein,0
Bundesumweltminister Altmaier will den Verkauf von Rattengift einschränken,0
Airbus schickt Ersatz-A380 nach Frankfurt,0
Psychotest: Bild verrät Charakter,1
75 Prozent der Abgeordneten für Offenlegung ihrer Nebeneinkünfte,0
Genervte Mutter schreibt genialen Brief an ihren Sohn.,1
Apple-Entwicklerkonferenz WWDC 2019 hat begonnen,0
Bank von England veröffentlichte Namensliste von mutmaßlichen Terroristen,0
"14 Katzen, die sich nichts vorschreiben lassen",1
Ausgesetzter Hund will seine geliebte Decke nicht verlassen,1
Rührendes Wiedersehen zwischen Straßenhund und seinem Retter.,1
"Airbuswerke in Varel, Nordenham und Augsburg werden von EADS-Tochter Premium Aerotec weitergeführt",0
"Frisch und gesund: Pastagericht, komplett im Topf gekocht.",1
Baden-Württemberg: Grün-Rot schließt Koalitionsvertrag,0
6 praktische Tipps gegen stinkenden Mülleimer und Mülltonnen.,1
Matt Cox filmt Bestrafung von Mobber-Tochter,1
"8 Tricks, um mit dem Fingernägel-Kauen aufzuhören",1
Witz des Tages: Ferrarifahrer will ein Schwein haben.,1
Anschlag auf dänische Zeitung „Jyllands-Posten“ vereitelt,0
"12 Menschen, deren Gene uns einen Streich spielen",1
"20 ziemlich blöde, aber lustige Lifehacks",1
Geld sparen beim Wäschewaschen,1
Permanent Make-up: Tattoos von Rodolpho Torres besser als OP,1
Video: Kellnerin erteilt Grabscher eine Lektion,1
"Hund erziehen: 10 Fehler, die alle Hundehalter machen",1
"15 Kinder, die uns mit urkomischen Taten zum Lachen bringen",1
Barack Obama hat die Vorwahlen in Wyoming gewonnen,0
" 12 alte Namen, die heute merkwürdig klingen",1
15 stolze Katzen-Mamas,1
So sahen Halloween-Kostüme früher aus,1
Ayaan Hirsi Ali darf nun doch Niederländerin bleiben,0
Ausnahmezustand im südpazifischen Vanuatu,0
Kürbis ohne Schnitzen: DIY Halloween-Deko-Ideen für den Garten,1
11 lustige Frauen-Tweets über Männer,1
Luke McPherson findet toten Hai in verlassenen Tierpark,1
Kochtipps: 15 Tipps rund ums Kochen,1
Bahnhöfe des Jahres 2006: Hamburg Dammtor und Oberstdorf,0
"Peinliche Fotos: 15 lustige Bilder, die verpatzt wurden",1
Mit einer einfachen Methode erstrahlen Blumen genau wie du es willst.,1
Afghanistan: „Während der Wahl wurde von allen Seiten betrogen“,0
Toastbrot mit Käsekrone und Rührei | Sandwich Rezepte,1
Anstieg rechtsextremer Gewalttaten in Deutschland,0
"15 Dinge, die typisch für die 90er-Jahre waren",1
Bundeskanzlerin Angela Merkel eröffnet das Weltwirtschaftsforum in Davos,0
25. Todestag von Anwar as-Sadat,0
Geisterhaft: Verstorbener Hund wird auf Foto wieder lebendig.,1
15 Sekunden Ruhe am „Tag gegen den Lärm“,0
Aus Wachs und einem Luftballon wird ein Kerzenhalter.,1
Witz des Tages: Eine Liebesnacht mit Folgen,1
"Vater findet ""kreative"" Art der Kinderbetreuung",1
Beeindruckendes Video: Süße 4-jährige Eisläuferin begeistert Publikum. ,1
Alphabet will offenbar bei Lyft einsteigen,0
Ab 2010 strömt Erdgas aus Sibirien nach Deutschland,0
Kommt am nächsten Pizzasamstag auf den Tisch: die Blumenkohl-Pizza.,1
Airbus A380 nimmt weitere Hürde: Notfallübung trotz verletzter Personen erfolgreich,0
Besuchermitfahrten beim Transrapid im Emsland wieder möglich,0
Berlin: Eröffnung des Flughafens Berlin Brandenburg auf Oktober 2013 verschoben,0
AStA der Hochschule Bremen prangert Geldverschwendung an,0
"22 geniale Lippen-Kunstwerke, die zum Staunen und Küssen einladen.",1
15 Kinder mit Flausen im Kopf,1
Afghanistan: Frei gewähltes Parlament konstituierte sich,0
"Ganz besonderer Trick, um sich im Notfall vorm Ertrinken zu retten.",1
17 witzige Photoshop-Fails aus der Werbung,1
"16 Bilder, die ein unbehagliches Gefühl hinterlassen",1
8 absurde Hausmittel aus Omas Zeiten,1
19 fantasievolle Ideen für Kinder - drinnen und draußen.,1
Aufrührern in Xianjiang droht die Todesstrafe,0
Jolanda Stokkermans – Essbare Kunst und Meal Prep ,1
Bundesstaat Illinois: Cyberattacke auf Wasserwerk vermutet,0
"20 Leute, die einzigartige Unikate auf dem Flohmarkt fanden",1
Artikel in der „New York Times“ sorgt für neue Diskussionen über die BND-Aktivitäten in Bagdad,0
Abschluss des Prozesses gegen Bo Xilai,0
Armee des Tschad griff Ziele im sudanischen Norddarfur an,0
Brückenbauarbeiten an der A 6 erfolgreich begonnen,0
Bundesverfassungsgericht genehmigt ESM-Vertrag unter Auflagen,0
"Die verrücktesten Autofahrer, die je fotografiert wurden",1
Angriff auf FDP-Website – Partei will Strafanzeige stellen,0
"8,5 Millionen Exemplare wurden vom Spiel GTA 4 verkauft",0
"8 Standardrezepte, die jeder können sollte",1
40. Jahrestag des Atomwaffensperrvertrags: „Ziel ist und bleibt die Schaffung einer atomwaffenfreien Welt“,0
Atomstreit: Steinmeier warnt den Iran,0
"15 Situationen, in denen es zwei Arten von Menschen gibt",1
40 Jahre Terre des Hommes,0
Süße Milchbrötchen mit Marmelade und Nussfüllung,1
Albanien: Parlament ermöglicht internationale Untersuchung in Sachen Organhandel,0
Anwalt zu Guttenbergs kritisiert die Universität Bayreuth scharf,0
Apple auf dem Vormarsch: Hoher Marktanteil bei Computern im Premiumsegment,0
"16 Katzentweets, die sich niemand entgehen lassen sollte",1
Al-Qaida entführt ägyptischen Botschafter,0
Auch Chrysler setzt in Zukunft auf Elektroautos,0
"18 Dinge, die Kinder von heute nicht mehr kennen",1
Barbara Ludwig gewann die Oberbürgermeisterwahlen in Chemnitz,0
Apcoa errichtet 20 Elektroauto-Tankstellen in Berliner Parkhäusern,0
93-jährige Indianerin berührt Autofahrer mit ihrer Geschichte.,1
Al-Kaida Chef ruft zur Einheit in Syrien auf,0
Aktionen gegen Verzögerung der Veröffentlichungspflicht von Abgeordnetengehältern,0
Abrechnungsbetrug bei Krankenkassen in Hessen und Niedersachsen aufgedeckt,0
"Nashorn-Baby Lottie versucht, tote Mutter aufzuwecken",1
Alleskönner Kastanie: 10 Anwendungs-Tricks für Rosskastanien,1
20 geniale Skulpturen und Kunstwerke in freier Natur,1
Das sind die 16 genialsten Eis-am-Stiel-Ideen des Jahrhunderts.,1
Lustige Schuhe: 16 Bilder von unheimlich bis hässlich,1
"Diese Bilder zeigen eindrucksvoll, wie unterschiedlich 200 Kalorien aussehen können.",1
Athen: Explosion im Zentrum,0
2018 soll Schicht im Schacht sein – Bundesrat beschließt das voraussichtliche Ende des deutschen Steinkohlenbergbaus,0
Al-Qaida bestreitet Verantwortung für Bhutto-Attentat,0
ASEAN-Gipfel in Singapur lädt Gambari aus,0
Axel Springer zieht Verkaufsangebot von ProSieben zurück,0
AKP gewinnt Parlamentswahlen in der Türkei,0
Annan kritisiert UNO-Gipfel: Keine Einigung auf Abrüstung,0
Alan García gewinnt die Präsidentenwahl in Peru,0
CDU/CSU und FDP im Prinzip einig über Laufzeitverlängerung für Atomkraftwerke,0
20 Deko- und Rezeptideen für deine Halloween-Party,1
Baden-Württemberg: Grüne und SPD beschließen den Koalitionsvertrag einstimmig,0
Absturz der Su-27: Russland erwartet von Litauen Einhaltung des Völkerrechts,0
"Lehrer zeigt an einer Schweinelunge, wie gefährlich Zigarettenrauch ist.",1
Lustige Comics zeigen alltägliche Frauenprobleme,1
Fatal! Klippenspringer verschätzt sich bei 20-Meter-Sprung.,1
Busse und Bahnen in Deutschland immer beliebter,0
"Gute Gründe, ausgiebig zu Lachen. Es ist so gesund!",1
"Ex-Häftlinge erzählen, was sie in Freiheit schockiert hat",1
"Vater hat großartige Idee, weggeworfene Stifte sinnvoll zu nutzen.",1
Asylbewerber protestieren gegen Residenzpflicht,0
Bremer Klüngel – die Nähe von Amt und Mandat im kleinsten Bundesland,0
Autohersteller Saab in Finanznöten,0
